Animal ID,Herd,Frequency,Sex,Source,EntryDate,ENTRY_MONTH,ENTRY_BIOYR,DOB,AgeatEntry,DLS,DateLastSeen,AgeLastSeen,Dead,END_BIOYR,Mortality Date,MORT_BIOYR,Cause,CollarEnd,EndPopulation,EweGroup,Comments,ToothAge
00I37,Imnaha,150.53,F,R,1/23/2000,1,1999,5/15/1995,4.7,12/2/2000,02-Dec-00,5.6,1,2000,02-Dec-00,2000,PN,,IM,,,Yes
00I44,Imnaha,150.18,F,R,1/23/2000,1,1999,5/15/1996,3.7,3/24/2006,24-Mar-06,9.9,1,2005,24-Mar-06,2005,INJ,,IM,,,No
00I49,Imnaha,151.62,M,R,1/23/2000,1,1999,5/15/1995,4.7,10/19/2004,19-Oct-04,9.4,1,2004,20-Oct-04,2004,HU,,IM,,,No
00I50,Imnaha,150.30,F,R,1/23/2000,1,1999,5/15/1995,4.7,10/30/2004,30-Oct-04,9.5,1,2004,30-Oct-04,2004,INJ,,IM,,,Yes
00I56,Imnaha,150.25,F,R,1/23/2000,1,1999,5/15/1999,0.7,7/13/2009,13-Jul-09,10.2,2,2009,,,DRC,6/16/2004,IM,,,No
00I58,Imnaha,150.10,F,R,1/23/2000,1,1999,5/15/1996,3.7,12/20/2003,20-Dec-03,7.6,1,2003,13-Dec-03,2003,PR,,IM,,,Yes
00I59,Imnaha,151.54,F,R,1/23/2000,1,1999,5/15/1995,4.7,7/23/2008,23-Jul-08,13.2,2,2008,,,DRC,2/25/2006,IM,,,No
00I60,Imnaha,150.59,F,R,1/23/2000,1,1999,5/15/1995,4.7,4/16/2007,16-Apr-07,11.9,2,2006,,,DC,,IM,,,No
00I61,Imnaha,150.48,F,R,1/23/2000,1,1999,5/15/1998,1.7,2/1/2008,01-Feb-08,9.7,1,2007,01-Feb-08,2007,UNK,,IM,,,No
00I63,Imnaha,150.37,F,R,1/23/2000,1,1999,5/15/1995,4.7,9/25/2008,25-Sep-08,13.4,1,2008,25-Sep-08,2008,UNK,,IM,,,Yes
00I64,Imnaha,150.84,F,R,1/23/2000,1,1999,5/15/1997,2.7,7/1/2000,01-Jul-00,3.1,1,2000,01-Jul-00,2000,INJ,,IM,,,Yes
00I67,Imnaha,151.65,F,R,1/23/2000,1,1999,5/15/1995,4.7,7/23/2008,23-Jul-08,13.2,2,2008,01-Jan-11,2010,DC,12/1/2004,IM,,,Yes
00I69,Imnaha,151.88,F,R,1/23/2000,1,1999,5/15/1995,4.7,3/10/2000,10-Mar-00,4.8,1,1999,10-Mar-00,1999,PR,,IM,,,No
00W08,Wenaha,150.00,F,R,1/23/2000,1,1999,5/15/1990,9.7,2/1/2008,01-Feb-08,17.7,1,2007,02-Feb-08,2007,INJ,,WE,,,Yes
00W09,Wenaha,150.05,M,R,1/23/2000,1,1999,5/15/1995,4.7,10/26/2000,26-Oct-00,5.5,1,2000,26-Oct-00,2000,INJ,,WE,,,Yes
00W10,Wenaha,150.18,M,R,1/23/2000,1,1999,5/15/1997,2.7,4/26/2007,26-Apr-07,10,2,2006,,,DC,11/12/2002,WE,,,No
00W11,Wenaha,150.30,M,R,1/23/2000,1,1999,5/15/1994,5.7,3/23/2005,23-Mar-05,10.9,2,2004,,,DC,4/10/2001,WE,,,No
00W12,Wenaha,150.49,M,R,1/23/2000,1,1999,5/15/1994,5.7,12/13/2000,13-Dec-00,6.6,1,2000,13-Dec-00,2000,PN,,WE,,,No
00W13,Wenaha,150.55,M,R,1/23/2000,1,1999,5/15/1997,2.7,4/10/2006,10-Apr-06,8.9,2,2005,,,DRC,9/2/2004,WE,,,No
00W20,Wenaha,151.40,M,R,1/23/2000,1,1999,5/15/1998,1.7,4/10/2006,10-Apr-06,7.9,2,2005,,,DRC,12/15/2003,WE,,,No
00I42,Imnaha,150.35,M,R,1/24/2000,1,1999,5/15/1996,3.7,11/6/2007,06-Nov-07,11.5,2,2007,,,DRC,11/13/2002,IM,,,No
00I43,Imnaha,151.72,F,R,1/24/2000,1,1999,5/15/1995,4.7,3/2/2004,02-Mar-04,8.8,1,2003,02-Mar-04,2003,PN,,IM,,,Yes
00I48,Imnaha,150.49,F,R,1/24/2000,1,1999,5/15/1996,3.7,2/22/2004,22-Feb-04,7.8,1,2003,22-Feb-04,2003,PN,,IM,,,Yes
00I55,Imnaha,150.16,M,R,1/24/2000,1,1999,5/15/1995,4.7,7/26/2000,26-Jul-00,5.2,1,2000,26-Jul-00,2000,INJ,,IM,,,No
00I57,Imnaha,150.64,M,R,1/24/2000,1,1999,5/15/1998,1.7,3/4/2004,04-Mar-04,5.8,2,2003,,,DC,6/1/2001,IM,,,No
00I62,Imnaha,150.42,M,R,1/24/2000,1,1999,5/15/1996,3.7,9/28/2000,28-Sep-00,4.4,1,2000,28-Sep-00,2000,PN,,IM,,,No
00I68,Imnaha,150.46,M,R,1/24/2000,1,1999,5/15/1997,2.7,10/18/2003,18-Oct-03,6.4,1,2003,18-Oct-03,2003,HU,,IM,,,No
00L08,Lostine,150.42,F,R,1/27/2000,1,1999,5/15/1995,4.7,4/27/2005,27-Apr-05,10,1,2004,27-Apr-05,2004,PR,,LO,,,No
00L16,Lostine,151.92,F,R,1/27/2000,1,1999,5/15/1990,9.7,11/20/2010,20-Nov-10,20.5,1,2010,19-Nov-10,2010,UNK,,LO,,,Yes
00L27,Lostine,151.65,F,R,1/27/2000,1,1999,5/15/1995,4.7,1/26/2005,26-Jan-05,9.7,1,2004,26-Jan-05,2004,UNK,,LO,,,No
00L37,Lostine,150.36,M,R,1/27/2000,1,1999,5/15/1994,5.7,9/16/2002,16-Sep-02,8.3,1,2002,16-Sep-02,2002,HU,,LO,,,No
00MI27,Minam,151.93,F,T,2/8/2000,2,1999,5/15/1993,6.7,9/8/2000,08-Sep-00,7.3,1,2000,08-Sep-00,2000,PN,,WE,,TO GRANDE RONDE 4/27/00 PN,Yes
00MI34,Minam,151.16,F,T,2/8/2000,2,1999,5/15/1996,3.7,3/5/2001,05-Mar-01,4.8,1,2000,05-Mar-01,2000,PN,,WE,,TO GRANDE RONDE 6/19/00 PN,Yes
00MI35,Minam,151.76,M,T,2/8/2000,2,1999,5/15/1998,1.7,4/20/2000,20-Apr-00,1.9,2,1999,,,HU,,MI,,REMOVED,No
00MI37,Minam,151.39,F,T,2/8/2000,2,1999,5/15/1999,0.7,8/19/2000,19-Aug-00,1.3,1,2000,19-Aug-00,2000,UNK,,MV,,GRANDE RONDE 4/27/00 UNK,No
00MI41,Minam,151.42,F,T,2/8/2000,2,1999,5/15/1996,3.7,8/20/2005,20-Aug-05,9.3,1,2005,20-Aug-05,2005,UNK,,UHCOR,,UHC 8/5/00 UNK,Yes
00MI42,Minam,151.45,F,T,2/8/2000,2,1999,5/15/1998,1.7,5/20/2013,20-May-13,15,2,2013,,,DC,,LO,,"TO LOSTINE 6/8/01, collar dropped ovv June 2012",No
00MI43,Minam,151.47,M,T,2/8/2000,2,1999,5/15/1998,1.7,2/15/2000,15-Feb-00,1.8,2,1999,15-Feb-00,1999,PR,,MI,,,No
00MI45,Minam,150.89,F,T,2/8/2000,2,1999,5/15/1997,2.7,4/12/2015,16-Jul-15,18.2,0,2015,,,,,LO,,TO LOSTINE 8/31/00. Recollar 151.511,No
00MI46,Minam,151.54,F,T,2/8/2000,2,1999,5/15/1997,2.7,4/14/2003,14-Apr-03,5.9,1,2002,14-Apr-03,2002,PN,,BRC,,To Bear Creek 5/17/00,Yes
00MI48,Minam,151.89,F,T,2/8/2000,2,1999,5/15/1992,7.7,8/28/2000,28-Aug-00,8.3,1,2000,28-Aug-00,2000,PN,,MV,,GRANDE RONDE 4/28/00 PN,Yes
00MI50,Minam,151.79,M,T,2/8/2000,2,1999,5/15/1999,0.7,1/15/2001,15-Jan-01,1.7,1,2000,15-Jan-01,2000,UNK,,WE,,GRANDE RONDE 4/17/00 UNK,Yes
00MI51,Minam,151.80,F,T,2/8/2000,2,1999,5/15/1997,2.7,4/10/2001,10-Apr-01,3.9,1,2000,10-Apr-01,2000,PN,,WE,,GRANDE RONDE 4/27/00 PN,Yes
00MI52,Minam,151.82,F,T,2/8/2000,2,1999,5/15/1995,4.7,2/18/2000,18-Feb-00,4.8,2,1999,18-Feb-00,1999,PR,,MI,,,No
00MI53,Minam,151.83,M,T,2/8/2000,2,1999,5/15/1998,1.7,1/24/2001,24-Jan-01,2.7,1,2000,24-Jan-01,2000,UNK,,WE,,GRANDE RONDE 4/27/00 UNK,No
00MI54,Minam,151.84,M,T,2/8/2000,2,1999,5/15/1999,0.7,1/10/2001,10-Jan-01,1.7,1,2000,10-Jan-01,2000,PN,,WE,,GRANDE RONDE 4/17/00 PN,Yes
00MI55,Minam,151.85,F,T,2/8/2000,2,1999,5/15/1995,4.7,3/1/2000,01-Mar-00,4.8,2,1999,01-Mar-00,1999,PR,,MI,,,No
00MI58,Minam,151.94,F,T,2/8/2000,2,1999,5/15/1998,1.7,2/15/2000,15-Feb-00,1.8,2,1999,15-Feb-00,1999,PR,,MI,,,No
00S25,Sheep Divide,150.69,F,T,2/8/2000,2,1999,5/15/1995,4.7,2/5/2004,05-Feb-04,8.7,1,2003,05-Feb-04,2003,PN,,UHCOR,,TO UHC OR 11/12/02 PN,Yes
00S26,Sheep Divide,150.92,F,T,2/8/2000,2,1999,5/15/1992,7.7,2/5/2006,05-Feb-06,13.7,1,2005,01-Feb-06,2005,PN,,UHCOR,,TO UHCOR 3/15/00 PN,Yes
00S27,Sheep Divide,150.94,F,T,2/8/2000,2,1999,5/15/1998,1.7,8/25/2004,25-Aug-04,6.3,1,2004,25-Aug-04,2004,INJ,,UHCOR,,TO UHCOR 3/15/00 INJ,No
00S29,Sheep Divide,150.98,F,T,2/8/2000,2,1999,5/15/1999,0.7,5/8/2002,08-May-02,3,1,2002,08-May-02,2002,PR,,UHCOR,,TO UHCOR 3/15/00 PR,Yes
00S33,Sheep Divide,151.09,M,T,2/8/2000,2,1999,5/15/1998,1.7,7/1/2007,01-Jul-07,9.1,1,2007,01-Jul-07,2007,PN,,BC,,TO BC 9/19/00 PN,No
00S35,Sheep Divide,151.37,F,T,2/8/2000,2,1999,5/15/1992,7.7,10/18/2003,18-Oct-03,11.4,1,2003,18-Oct-03,2003,UNK,,BC,,TO BC 8/2/00 UNK,Yes
00S36,Sheep Divide,151.38,F,T,2/8/2000,2,1999,5/15/1997,2.7,2/21/2000,21-Feb-00,2.8,2,1999,21-Feb-00,1999,INJ,,SD,,,No
00S38,Sheep Divide,151.40,F,T,2/8/2000,2,1999,5/15/1993,6.7,3/14/2010,14-Mar-10,16.8,1,2009,16-Mar-10,2009,INJ,,UHCOR,,TO UHC 10/10/00 INJ,Yes
00S44,Sheep Divide,151.49,F,T,2/8/2000,2,1999,5/15/1995,4.7,2/11/2000,11-Feb-00,4.7,2,1999,11-Feb-00,1999,HU,,SD,,,Yes
00S49,Sheep Divide,151.91,F,T,2/8/2000,2,1999,5/15/1996,3.7,4/21/2004,21-Apr-04,7.9,1,2003,21-Apr-04,2003,UNK,,UHCOR,,TO UHC 10/10/00 UNK,Yes
00SD01,Sheep Divide,150.44,F,T,2/8/2000,2,1999,5/15/1993,6.7,5/13/2001,13-May-01,8,1,2001,13-May-01,2001,TR,,IM,,TO IM 4/17/00 TR,Yes
00SD21,Sheep Divide,150.47,F,T,2/8/2000,2,1999,5/15/1999,0.7,11/10/2000,10-Nov-00,1.5,1,2000,10-Nov-00,2000,PN,,UHCOR,,TO UHCOR 3/15/00  PN,No
00SD22,Sheep Divide,150.54,F,T,2/8/2000,2,1999,5/15/1993,6.7,1/9/2001,09-Jan-01,7.7,1,2000,09-Jan-01,2000,INJ,,IM,,TO IM 4/17/00 PN,Yes
00SD23,Sheep Divide,150.60,F,T,2/8/2000,2,1999,5/15/1998,1.7,9/15/2001,15-Sep-01,3.3,1,2001,15-Sep-01,2001,UNK,,UHCOR,,TO UHCOR 10/10/00 ? UNK,No
00SD24,Sheep Divide,150.67,F,T,2/8/2000,2,1999,5/15/1990,9.7,8/25/2001,25-Aug-01,11.3,1,2001,25-Aug-01,2001,INJ,,IM,,TO IM IM 4/17/00 INJ,Yes
00SD28,Sheep Divide,150.95,F,T,2/8/2000,2,1999,5/15/1999,0.7,4/12/2015,16-Jul-15,16.2,0,2015,,,,,UHC,,TO UHCOR 3/15/00,No
00SD30,Sheep Divide,150.99,M,T,2/8/2000,2,1999,5/15/1999,0.7,11/15/2000,15-Nov-00,1.5,1,2000,15-Nov-00,2000,UNK,,UHCOR,,TO UHCOR 3/15/00 UNK,No
00SD31,Sheep Divide,151.05,M,T,2/8/2000,2,1999,5/15/1998,1.7,12/12/2000,12-Dec-00,2.6,1,2000,12-Dec-00,2000,UNK,,UHCOR,,TO UHCOR 3/15/00 UNK,No
97V32,Redbird,151.37,F,R,3/24/1997,3,1996,5/15/1994,2.9,4/26/2004,26-Apr-04,10,1,2003,26-Apr-04,2003,INJ,,RB,,,Yes
97V33,Redbird,151.23,F,R,3/24/1997,3,1996,5/15/1993,3.9,10/1/2012,01-Oct-12,19.4,1,2012,01-Oct-12,2012,UNK,7/9/2007,RB,,,No
97V34,Redbird,151.39,F,R,3/24/1997,3,1996,5/15/1992,4.9,2/16/2006,16-Feb-06,13.8,1,2005,16-Feb-06,2005,UNK,,RB,,,No
97V35,Redbird,151.45,F,R,3/24/1997,3,1996,5/15/1992,4.9,10/5/2001,05-Oct-01,9.4,2,2001,,,DC,6/14/2001,RB,,,No
97V36,Redbird,151.47,F,R,3/24/1997,3,1996,5/15/1983,13.9,6/1/2001,01-Jun-01,18.1,1,2001,01-Jun-01,2001,UNK,,RB,,,No
97V37,Black Butte,151.30,F,R,3/24/1997,3,1996,5/15/1995,1.9,11/28/2009,28-Nov-09,14.6,1,2009,28-Nov-09,2009,PN,,BB,HellerBar,"eartagged in 1997, collared in 2003",Yes
97A05,Asotin,150.55,M,T,12/13/1997,12,1997,5/15/1996,1.6,11/19/1999,19-Nov-99,3.5,1,1999,19-Nov-99,1999,HU,,AS,,,No
97A20,Asotin,151.51,F,T,12/13/1997,12,1997,5/15/1995,2.6,10/21/2005,21-Oct-05,10.4,2,2005,,,DC,11/1/2002,AS,,,No
97A21,Asotin,150.16,M,T,12/13/1997,12,1997,5/15/1996,1.6,12/15/1997,15-Dec-97,1.6,2,1997,15-Dec-97,1997,HU,,AS,,,No
97A27,Asotin,150.14,F,T,12/13/1997,12,1997,5/15/1994,3.6,3/12/1999,12-Mar-99,4.8,1,1998,12-Mar-99,1998,INJ,,AS,,,No
97A44,Asotin,,F,T,12/13/1997,12,1997,5/15/1997,0.6,2/5/2002,05-Feb-02,4.7,2,2001,,,UNK,,AS,,,No
97A46,Asotin,150.35,F,T,12/13/1997,12,1997,5/15/1996,1.6,12/2/1999,02-Dec-99,3.6,1,1999,02-Dec-99,1999,INJ,,AS,,,Yes
97A48,Asotin,150.18,F,T,12/13/1997,12,1997,5/15/1997,0.6,7/18/2006,18-Jul-06,9.2,2,2006,,,UNK,,AS,,,No
97A51,Asotin,150.12,F,T,12/13/1997,12,1997,5/15/1994,3.6,2/21/2008,21-Feb-08,13.8,2,2007,,,DC,11/1/2002,AS,,Jul-07,No
97A55,Asotin,150.37,F,T,12/13/1997,12,1997,5/15/1993,4.6,8/1/2002,01-Aug-02,9.2,1,2002,,,UNK,,AS,,,No
97A57,Asotin,151.91,F,T,12/13/1997,12,1997,5/15/1995,2.6,2/12/2009,12-Feb-09,13.8,2,2008,,,DC,9/1/2002,AS,,moved to captivity WSU in 2/2009,No
97B02,Big Canyon,150.57,F,T,12/13/1997,12,1997,5/15/1993,4.6,7/19/2003,19-Jul-03,10.2,2,2003,,,DC,1/18/2001,BC,,,No
97B10,Big Canyon,150.62,F,T,12/13/1997,12,1997,5/15/1994,3.6,11/12/2000,12-Nov-00,6.5,1,2000,12-Nov-00,2000,SC,,BC,,,Yes
97B11,Big Canyon,151.87,F,T,12/13/1997,12,1997,5/15/1993,4.6,8/30/2000,30-Aug-00,7.3,1,2000,30-Aug-00,2000,UNK,,BC,,,No
97B12,Big Canyon,151.19,F,T,12/13/1997,12,1997,5/15/1994,3.6,2/11/2004,11-Feb-04,9.8,1,2003,11-Feb-04,2003,UNK,,BC,,,Yes
97B22,Big Canyon,151.43,F,T,12/13/1997,12,1997,5/15/1991,6.6,11/24/2008,24-Nov-08,17.5,1,2008,24-Nov-08,2008,UNK,,BC,,,Yes
97B23,Big Canyon,151.35,F,T,12/13/1997,12,1997,5/15/1993,4.6,12/13/2000,13-Dec-00,7.6,1,2000,13-Dec-00,2000,PN,,BC,,,Yes
97B24,Big Canyon,151.50,F,T,12/13/1997,12,1997,5/15/1995,2.6,9/12/2003,12-Sep-03,8.3,1,2003,02-Sep-03,2003,UNK,,BC,,,Yes
97B25,Big Canyon,151.66,M,T,12/13/1997,12,1997,5/15/1996,1.6,9/23/2000,23-Sep-00,4.4,1,2000,23-Sep-00,2000,PR,,IM,,,Yes
97B26,Big Canyon,151.91,F,T,12/13/1997,12,1997,5/15/1993,4.6,11/1/2003,01-Nov-03,10.5,1,2003,01-Nov-03,2003,PN,,BC,,,Yes
97B31,Big Canyon,150.33,M,T,12/13/1997,12,1997,5/15/1995,2.6,5/23/1998,23-May-98,3,2,1998,23-May-98,1998,PPR,,BC,,,No
97B32,Big Canyon,,M,T,12/13/1997,12,1997,5/15/1997,0.6,11/7/2006,07-Nov-06,9.5,2,2006,,,NC,,IM,,,No
97B36,Big Canyon,150.65,F,T,12/13/1997,12,1997,5/15/1993,4.6,9/20/1999,20-Sep-99,6.4,1,1999,20-Sep-99,1999,UNK,,BC,,,No
97B43,Big Canyon,150.55,F,T,12/13/1997,12,1997,5/15/1995,2.6,12/18/2010,18-Dec-10,15.6,2,2010,,,DC,11/20/2002,BC,,,No
97B45,Big Canyon,150.88,F,T,12/13/1997,12,1997,5/15/1994,3.6,11/24/2000,24-Nov-00,6.5,1,2000,24-Nov-00,2000,PN,,BC,,,Yes
97B53,Big Canyon,151.73,F,T,12/13/1997,12,1997,5/15/1993,4.6,9/24/2000,24-Sep-00,7.4,1,2000,24-Sep-00,2000,SC,,BC,,,Yes
97B54,Big Canyon,151.62,M,T,12/13/1997,12,1997,5/15/1996,1.6,5/4/2003,04-May-03,7,1,2003,23-Apr-03,2002,UNK,,BC,,,Yes
97M01,Muir,150.63,M,T,12/13/1997,12,1997,5/15/1995,2.6,11/8/2000,08-Nov-00,5.5,1,2000,08-Nov-00,2000,PN,,MU,,,Yes
97M06,Muir,150.29,F,T,12/13/1997,12,1997,5/15/1991,6.6,1/24/2001,24-Jan-01,9.7,1,2000,24-Jan-01,2000,PN,,MU,,,Yes
97M13,Muir,150.45,F,T,12/13/1997,12,1997,5/15/1993,4.6,10/15/2002,15-Oct-02,9.4,1,2002,15-Oct-02,2002,UNK,9/1/1999,MU,,DC 9/99,Yes
95I28,Imnaha,,F,R,12/15/1995,12,1995,,,5/30/2001,30-May-01,,2,2001,,,,,IM,,EARTAG_ONLY,No
95I31,Imnaha,,F,R,12/15/1995,12,1995,,,5/27/2003,27-May-03,,2,2003,,,,,IM,,EARTAG_ONLY,No
96I48,Imnaha,,F,R,2/15/1996,2,1995,,,6/13/2003,13-Jun-03,,2,2003,,,,,IM,,EARTAG_ONLY,No
97V13,Wenaha,150.23,F,R,3/23/1997,3,1996,5/15/1992,4.9,5/16/2001,16-May-01,9,1,2001,16-May-01,2001,PR,,WE,,,Yes
97V14,Wenaha,150.27,F,R,3/23/1997,3,1996,5/15/1989,7.9,6/24/2003,24-Jun-03,14.1,1,2003,21-Jun-03,2003,INJ,,WE,,,Yes
97V15,Wenaha,150.33,F,R,3/23/1997,3,1996,5/15/1990,6.9,1/8/2001,08-Jan-01,10.7,1,2000,08-Jan-01,2000,UNK,,WE,,,Yes
97V16,Wenaha,151.19,F,R,3/23/1997,3,1996,5/15/1992,4.9,9/12/2007,12-Sep-07,15.3,1,2007,12-Sep-07,2007,UNK,,WE,,,Yes
97V17,Wenaha,151.35,F,R,3/23/1997,3,1996,5/15/1991,5.9,2/19/2008,19-Feb-08,16.8,1,2007,19-Feb-08,2007,PN,,WE,,,Yes
97V18,Wenaha,151.52,F,R,3/23/1997,3,1996,5/15/1986,10.9,9/23/2003,23-Sep-03,17.4,1,2003,23-Sep-03,2003,UNK,,WE,,,Yes
97V19,Wenaha,151.53,F,R,3/23/1997,3,1996,5/15/1994,2.9,5/17/2001,17-May-01,7,1,2001,17-May-01,2001,UNK,,WE,,,Yes
97V20,Wenaha,151.62,F,R,3/23/1997,3,1996,5/15/1992,4.9,4/24/2007,24-Apr-07,15,1,2006,24-Apr-07,2006,UNK,,WE,,,No
97V21,Wenaha,151.66,F,R,3/23/1997,3,1996,5/15/1992,4.9,5/13/2006,13-May-06,14,1,2006,13-May-06,2006,UNK,,WE,,,No
97V22,Wenaha,151.73,F,R,3/23/1997,3,1996,5/15/1992,4.9,5/23/2004,23-May-04,12,1,2004,23-May-04,2004,INJ,,WE,,,No
97V23,Wenaha,151.87,F,R,3/23/1997,3,1996,5/15/1992,4.9,5/22/1998,22-May-98,6,1,1998,22-May-98,1998,INJ,,WE,,,No
97V24,Wenaha,151.91,F,R,3/23/1997,3,1996,5/15/1994,2.9,6/5/1997,05-Jun-97,3.1,1,1997,05-Jun-97,1997,INJ,,WE,,,No
97V01,Black Butte,150.92,F,R,3/24/1997,3,1996,5/15/1993,3.9,4/4/2009,04-Apr-09,15.9,1,2008,24-Apr-09,2008,PN,,BB,HellerBar,,Yes
97V02,Black Butte,151.40,F,R,3/24/1997,3,1996,5/15/1992,4.9,3/13/2000,13-Mar-00,7.8,1,1999,13-Mar-00,1999,PR,,BB,HellerBar,,Yes
97V03,Black Butte,151.42,F,R,3/24/1997,3,1996,5/15/1994,2.9,4/4/2012,04-Apr-12,17.9,1,2011,02-Apr-12,2011,PR,,BB,HellerBar,,No
97V04,Black Butte,151.49,F,R,3/24/1997,3,1996,5/15/1990,6.9,1/28/2001,28-Jan-01,10.7,1,2000,28-Jan-01,2000,UNK,,BB,HellerBar,,Yes
97V05,Black Butte,151.54,F,R,3/24/1997,3,1996,5/15/1992,4.9,3/20/2002,20-Mar-02,9.9,1,2001,20-Mar-02,2001,PR,,BB,HellerBar,,Yes
97V06,Black Butte,151.65,F,R,3/24/1997,3,1996,5/15/1992,4.9,5/12/2001,12-May-01,9,1,2001,12-May-01,2001,UNK,,BB,HellerBar,,Yes
97V07,Black Butte,151.76,F,R,3/24/1997,3,1996,5/15/1992,4.9,12/31/1997,31-Dec-97,5.6,1,1997,31-Dec-97,1997,PR,,BB,HellerBar,,No
97V08,Black Butte,151.86,F,R,3/24/1997,3,1996,5/15/1991,5.9,1/8/2009,08-Jan-09,17.7,1,2008,08-Jan-09,2008,UNK,,BB,HellerBar,,Yes
97V09,Black Butte,151.89,F,R,3/24/1997,3,1996,5/15/1993,3.9,12/8/1999,08-Dec-99,6.6,1,1999,08-Dec-99,1999,INJ,,BB,HellerBar,,Yes
97V10,Black Butte,151.90,F,R,3/24/1997,3,1996,5/15/1989,7.9,5/18/2000,18-May-00,11,1,2000,18-May-00,2000,INJ,,BB,HellerBar,,Yes
97V11,Black Butte,151.92,F,R,3/24/1997,3,1996,5/15/1992,4.9,2/8/2000,08-Feb-00,7.7,1,1999,08-Feb-00,1999,PR,,BB,HellerBar,,Yes
97V12,Black Butte,151.99,F,R,3/24/1997,3,1996,5/15/1992,4.9,2/23/2000,23-Feb-00,7.8,1,1999,23-Feb-00,1999,PR,,BB,HellerBar,,Yes
97V25,Redbird,150.94,F,R,3/24/1997,3,1996,5/15/1993,3.9,3/16/2004,16-Mar-04,10.8,1,2003,16-Mar-04,2003,UNK,,RB,,,Yes
97V26,Redbird,150.95,F,R,3/24/1997,3,1996,5/15/1993,3.9,6/27/2002,27-Jun-02,9.1,1,2002,27-Jun-02,2002,INJ,,RB,,,Yes
97V27,Redbird,150.98,F,R,3/24/1997,3,1996,5/15/1992,4.9,10/21/2006,21-Oct-06,14.4,1,2006,21-Oct-06,2006,UNK,,RB,,,No
97V28,Redbird,150.16,F,R,3/24/1997,3,1996,5/15/1988,8.9,8/28/2003,28-Aug-03,15.3,1,2003,28-Aug-03,2003,UNK,,RB,,,Yes
97V29,Redbird,151.18,F,R,3/24/1997,3,1996,5/15/1992,4.9,1/29/2008,29-Jan-08,15.7,1,2007,29-Jan-08,2007,INJ,,RB,,,Yes
97V30,Redbird,151.09,F,R,3/24/1997,3,1996,5/15/1993,3.9,2/14/2011,14-Feb-11,17.8,2,2010,,,DC,12/28/2010,RB,,Collar died  ~ 12/28/2010,No
97V31,Redbird,151.16,F,R,3/24/1997,3,1996,5/15/1994,2.9,10/21/2013,21-Oct-13,19.4,2,2013,,,DC,10/11/2007,RB,,,No
00SD32,Sheep Divide,151.08,M,T,2/8/2000,2,1999,5/15/1999,0.7,3/21/2000,21-Mar-00,0.9,1,1999,21-Mar-00,1999,INJ,,UHCID,,TO UHCOR  3/15/00 INJ,No
00SD39,Sheep Divide,150.86,M,T,2/8/2000,2,1999,5/15/1998,1.7,10/5/2000,05-Oct-00,2.4,1,2000,05-Oct-00,2000,HU,,SD,,,No
00L21,Lostine,151.73,M,R,2/9/2000,2,1999,5/15/1995,4.7,2/9/2000,09-Feb-00,4.7,2,1999,,,HU,,LO,,,No
00L14,Lostine,150.39,F,R,2/16/2000,2,1999,5/15/1993,6.8,5/22/2007,22-May-07,14,1,2007,22-May-07,2007,PN,,LO,,,Yes
00L15,Lostine,150.14,F,R,2/16/2000,2,1999,5/15/1995,4.8,2/25/2006,25-Feb-06,10.8,1,2005,25-Feb-06,2005,UNK,,LO,,,No
00L13,Lostine,151.48,F,R,2/17/2000,2,1999,5/15/1995,4.8,1/29/2014,29-Jan-14,18.7,1,2013,02-Feb-14,2013,UNK,,LO,,,No
01LO04,Lostine,151.39,F,R,1/25/2001,1,2000,5/15/1997,3.7,5/14/2006,14-May-06,9,1,2006,14-May-06,2006,UNK,,LO,,,No
01LO28,Lostine,,F,R,1/27/2001,1,2000,5/15/1996,4.7,2/21/2004,21-Feb-04,7.8,2,2003,,,,,LO,,,No
01LO32,Lostine,150.88,F,R,1/27/2001,1,2000,5/15/1996,4.7,4/30/2014,30-Apr-14,18,2,2013,,,DC,1/27/2014,LO,,recollared 3/26/13 with 150.953.   150.953 removed and not replaced 1/27/2014,No
01LO33,Lostine,,M,R,1/27/2001,1,2000,5/15/2000,0.7,3/23/2004,23-Mar-04,3.9,2,2003,21-Sep-04,2004,,,LO,,,No
01LO18,Lostine,151.90,M,RT,2/7/2001,2,2000,5/15/1999,1.7,6/7/2002,07-Jun-02,3.1,1,2002,07-Jun-02,2002,PN,,BC,,TO QUARTZ 12/15/01,Yes
01LO34,Lostine,150.21,F,R,2/7/2001,2,2000,5/15/1998,2.7,2/26/2014,26-Feb-14,15.8,2,2013,,,HU,,SDSU,,Moved to SDSU,No
01QZ57,Quartz,151.73,F,RT,12/7/2001,12,2001,5/15/1996,5.6,1/25/2004,25-Jan-04,7.7,1,2003,25-Jan-04,2003,UNK,,UHCOR,,TO UHCOR 1/11/02,Yes
01QZ67,Quartz,151.95,M,RT,12/7/2001,12,2001,5/15/2001,0.6,3/10/2008,10-Mar-08,6.8,2,2007,,,DC,,BC,,TO BC 6/03 DROPCOLLAR,No
01QZ68,Quartz,150.84,M,RT,12/7/2001,12,2001,5/15/2000,1.6,12/30/2007,30-Dec-07,7.6,2,2007,30-Dec-07,2007,DRC,4/7/2006,UHCOR,,TO UHC 12/01 UNK (Caracass found Jan 2008),No
01QZ69,Quartz,151.85,F,RT,12/7/2001,12,2001,5/15/1997,4.6,9/1/2002,01-Sep-02,5.3,1,2002,01-Sep-02,2002,UNK,,UHCOR,,TO UHC 12/01 UNK,No
01QZ71,Quartz,151.88,F,RT,12/7/2001,12,2001,5/15/1997,4.6,5/7/2006,07-May-06,9,1,2006,07-May-06,2006,UNK,,MU,,TO MUIR 1/11/04 UNK,No
01QZ75,Quartz,151.86,M,RT,12/7/2001,12,2001,5/15/2000,1.6,7/24/2003,24-Jul-03,3.2,1,2003,10-Jun-03,2003,INJ,,UHCOR,,TO UHC 2/9/02 INJ,No
01LO07,Lostine,151.82,F,RT,12/8/2001,12,2001,5/15/1997,4.6,8/4/2010,04-Aug-10,13.2,2,2010,,,,,UHCOR,,"TO QUARTZ 12/15/01,UHC 6/10/03 DROP COLLAR 2/9/10",No
01QZ60,Quartz,151.32,F,RT,12/8/2001,12,2001,5/15/2000,1.6,3/5/2003,05-Mar-03,2.8,1,2002,05-Mar-03,2002,PPR,,MU,,,Yes
01QZ70,Quartz,151.47,F,RT,12/8/2001,12,2001,5/15/1999,2.6,9/8/2010,08-Sep-10,11.3,1,2010,28-Sep-10,2010,PPR,,MY,,TO MYERS 6/11/03,Yes
01LO31,Lostine,151.49,F,RT,12/10/2001,12,2001,5/15/1995,6.6,4/9/2003,09-Apr-03,7.9,1,2002,09-Apr-03,2002,PPR,,UHCOR,,"TO QUARTZ 12/15/01, TO UHC  12/01 PR?",Yes
01QZ62,Quartz,,F,RT,12/10/2001,12,2001,5/15/2001,0.6,6/12/2006,12-Jun-06,5.1,2,2006,,,,,UHCOR,,eartag only TO UHC 1/3/03,No
01QZ63,Quartz,150.61,F,RT,12/10/2001,12,2001,5/15/2000,1.6,9/26/2004,26-Sep-04,4.4,2,2004,,,DC,,MU,,To MUIR 3/24/04,No
01QZ64,Quartz,151.08,F,RT,12/10/2001,12,2001,5/15/1999,2.6,5/4/2010,04-May-10,11,1,2010,04-May-10,2010,UNK,,MU,,TO MUIR 5/28/03 UNK,Yes
01QZ66,Quartz,151.38,F,RT,12/10/2001,12,2001,5/15/1997,4.6,6/4/2008,04-Jun-08,11.1,1,2008,04-Jun-08,2008,UNK,,MU,,TO UHC 2/02 UNK,No
02MY26,Myers,150.53,F,T,2/12/2002,2,2001,5/15/1998,3.8,4/13/2012,13-Apr-12,13.9,2,2011,,,DC,4/1/2009,MY,,,No
02MY27,Myers,150.57,F,T,2/12/2002,2,2001,5/15/1998,3.8,5/30/2012,30-May-12,14.1,2,2012,,,DC,7/1/2009,MU,,"TO MUIR 12/02, DEAD COLLAR 7/2009",No
02MY28,Myers,150.33,F,T,2/12/2002,2,2001,5/15/2000,1.7,6/1/2010,01-Jun-10,10.1,2,2010,,,DC,9/1/2009,MU,,"TO MUIR 5/6/03,Dead collar 9/2009",No
02MY29,Myers,150.50,F,T,2/12/2002,2,2001,5/15/1998,3.8,5/30/2012,30-May-12,14.1,2,2012,,,DC,10/1/2007,MU,,"TO MUIR 1/05 DEAD COLLAR 1/2007, live 6/2007, died again10/2007",No
02MY30,Myers,150.22,F,T,2/12/2002,2,2001,5/15/1997,4.8,10/16/2007,16-Oct-07,10.4,2,2007,,,DC,7/1/2007,MY,,"TO MUIR 7/02, DEAD COLLAR 7/2007",No
02MY32,Myers,150.12,F,T,2/12/2002,2,2001,5/15/1996,5.8,10/5/2005,05-Oct-05,9.4,1,2005,05-Oct-05,2005,PN,,MU,,TO MUIR 12/02,Yes
02MY33,Myers,150.65,F,T,2/12/2002,2,2001,5/15/1995,6.8,3/21/2004,21-Mar-04,8.9,1,2003,21-Mar-04,2003,UNK,,MY,,,Yes
02MY34,Myers,150.05,F,T,2/12/2002,2,2001,5/15/1997,4.8,7/30/2004,30-Jul-04,7.2,1,2004,24-Jul-04,2004,HU,,SR,,TO LONEPINE 3/02 HU,No
02MY35,Myers,150.06,F,T,2/12/2002,2,2001,5/15/1998,3.8,12/15/2002,15-Dec-02,4.6,1,2002,15-Dec-02,2002,PN,,MY,,,No
02MY36,Myers,150.07,F,T,2/12/2002,2,2001,5/15/1997,4.8,6/19/2005,19-Jun-05,8.1,1,2005,19-Jun-05,2005,UNK,,MU,,,Yes
02MY37,Myers,150.89,F,T,2/12/2002,2,2001,5/15/1997,4.8,6/18/2005,18-Jun-05,8.1,1,2005,18-Jun-05,2005,UNK,,MU,,TO MUIR 1/05 UNK,Yes
02MY38,Myers,150.11,F,T,2/12/2002,2,2001,5/15/1987,14.8,8/16/2002,16-Aug-02,15.3,1,2002,16-Aug-02,2002,UNK,,MU,,TO MU 2/25/02 but was never observed with other sheep,Yes
02MY39,Myers,150.88,F,T,2/12/2002,2,2001,5/15/1996,5.8,4/20/2002,20-Apr-02,5.9,2,2001,20-Apr-02,2001,HU,,MY,,,Yes
02MY40,Myers,151.02,M,T,2/12/2002,2,2001,5/15/2000,1.7,12/11/2003,11-Dec-03,3.6,1,2003,11-Dec-03,2003,PR,,BC,,TO BIG CANYON 10/02 PR,Yes
02MY41,Myers,150.62,F,T,2/12/2002,2,2001,5/15/1997,4.8,5/10/2003,10-May-03,6,1,2003,10-May-03,2003,UNK,,MY,,,Yes
02MY42,Myers,150.29,M,T,2/12/2002,2,2001,5/15/2000,1.7,1/14/2007,14-Jan-07,6.7,2,2006,,,DC,,MU,,,No
02MY43,Myers,151.35,M,T,2/12/2002,2,2001,5/15/2000,1.7,9/11/2007,11-Sep-07,7.3,1,2007,11-Sep-07,2007,HU,,IM,,"TO Muir 3/9/02, BIGCANYON 5/1/02, IMNAHA 11/6/04, Hunter kill",No
02MY44,Myers,150.43,M,T,2/12/2002,2,2001,5/15/2000,1.7,12/6/2008,06-Dec-08,8.6,2,2008,,,DC,5/1/2004,MY,,,No
02MY45,Myers,150.45,F,T,2/12/2002,2,2001,5/15/1992,9.8,7/10/2009,10-Jul-09,17.2,2,2009,,,DC,10/1/2008,MU,,TO MUIR 1/05 DEAD COLLAR 10/2008,No
02MY46,Myers,150.63,F,T,2/12/2002,2,2001,5/15/1997,4.8,11/7/2003,07-Nov-03,6.5,2,2003,,,DC,6/1/2003,MY,,,No
02LO41,Lostine,,M,R,2/20/2002,2,2001,5/15/2000,1.8,11/9/2011,09-Nov-11,11.5,1,2011,09-Nov-11,2011,HU,,,,Hunter harvest,No
02LO42,Lostine,,M,R,2/20/2002,2,2001,5/15/2001,0.8,9/9/2007,09-Sep-07,6.3,1,2007,09-Sep-07,2007,HU,,LO,,,No
02LO43,Lostine,,F,R,2/20/2002,2,2001,5/15/1999,2.8,6/11/2013,11-Jun-13,14.1,2,2013,,,DC,,LO,,Uncollared,No
02LO44,Lostine,,M,R,2/20/2002,2,2001,5/15/2000,1.8,9/13/2007,13-Sep-07,7.3,1,2007,13-Sep-07,2007,HU,,LO,,,No
02LO45,Lostine,,M,R,2/20/2002,2,2001,5/15/2000,1.8,4/18/2005,18-Apr-05,4.9,1,2004,11-Sep-05,2005,HU,,LO,,,No
02LO47,Lostine,150.60,M,R,2/20/2002,2,2001,5/15/2001,0.8,1/25/2007,25-Jan-07,5.7,2,2006,01-Jan-09,2008,DC,,LO,,Found dead skull with eartag 1/1/2009,No
00M05,Lostine,,F,R,1/6/2003,1,2002,5/15/2000,2.6,4/3/2008,03-Apr-08,7.9,2,2007,,,DC,,LO,,No collar,No
03LO40,Lostine,,F,R,1/6/2003,1,2002,5/15/2001,1.6,4/23/2012,23-Apr-12,10.9,2,2011,,,DC,,LO,,No collar,No
03LO50,Lostine,,F,R,1/6/2003,1,2002,5/15/2000,2.6,5/27/2013,27-May-13,13,2,2013,,,DC,,LO,,No collar,No
03LO26,Lostine,151.20,F,RT,1/7/2003,1,2002,5/15/2000,2.6,7/23/2010,23-Jul-10,10.2,1,2010,23-Jul-10,2010,UNK,7/23/2010,SC,,MOVED TO IMNAHA (05IMREL) 1/11/05,No
03LO48,Lostine,151.66,F,R,1/7/2003,1,2002,5/15/2000,2.6,1/13/2015,13-Jan-15,14.7,2,2014,,,Transferred to SDSU,,LO,,,No
03BC00,Big Canyon,151.51,F,R,1/13/2003,1,2002,5/15/1998,4.7,10/20/2003,20-Oct-03,5.4,1,2003,20-Oct-03,2003,PN,,BC,,,Yes
03LO35,Lostine,151.83,M,R,2/7/2003,2,2002,5/15/1998,4.7,1/1/2011,01-Jan-11,12.6,2,2010,,,DRC,11/1/2108,LO,,,No
03BB16,Black Butte,151.76,F,R,3/8/2003,3,2002,5/15/2001,1.8,8/10/2009,10-Aug-09,8.2,2,2009,,,DRC,8/10/2009,BB,HellerBar,,No
03BB18,Black Butte,151.89,F,R,3/8/2003,3,2002,5/15/1991,11.8,5/9/2005,09-May-05,14,1,2005,09-May-05,2005,UNK,,BB,NA,,Yes
03BB20,Black Butte,151.94,F,R,3/8/2003,3,2002,5/15/1994,8.8,2/7/2005,07-Feb-05,10.7,1,2004,07-Feb-05,2004,UNK,,BB,HellerBar,,Yes
97M15,Muir,151.06,F,T,12/13/1997,12,1997,5/15/1993,4.6,9/28/2004,28-Sep-04,11.4,2,2004,,,DC,11/19/2002,MU,,,No
97M18,Muir,151.58,F,T,12/13/1997,12,1997,5/15/1993,4.6,10/20/2002,20-Oct-02,9.4,1,2002,20-Oct-02,2002,PN,,MU,,,Yes
97M19,Muir,,F,T,12/13/1997,12,1997,5/15/1997,0.6,11/14/2001,14-Nov-01,4.5,2,2001,,,NC,,MU,,Eartag only,No
97M33,Muir,150.43,F,T,12/13/1997,12,1997,5/15/1993,4.6,9/29/1998,29-Sep-98,5.4,1,1998,30-Sep-98,1998,PPR,,IM,,,No
97M34,Muir,,F,T,12/13/1997,12,1997,5/15/1997,0.6,6/30/2007,30-Jun-07,10.1,2,2007,,,NC,,MU,,Eartag only,No
97M37,Muir,150.22,M,T,12/13/1997,12,1997,5/15/1996,1.6,11/29/2000,29-Nov-00,4.5,1,2000,29-Nov-00,2000,PN,,MU,,,No
97M41,Muir,150.05,F,T,12/13/1997,12,1997,5/15/1993,4.6,5/15/1999,15-May-99,6,2,1999,,,UNK,,IM,,,No
97M42,Muir,150.51,F,T,12/13/1997,12,1997,5/15/1993,4.6,11/15/2000,15-Nov-00,7.5,1,2000,15-Nov-00,2000,PN,,MU,,,Yes
97M50,Muir,150.38,M,T,12/13/1997,12,1997,5/15/1996,1.6,12/20/2002,20-Dec-02,6.6,1,2002,20-Dec-02,2002,PN,,MU,,,Yes
99L51,McGraw,150.17,M,RT,1/11/1999,1,1998,5/15/1996,2.7,8/12/1999,12-Aug-99,3.2,1,1999,12-Aug-99,1999,HU,,UHCID,,REMOVED,No
99L52,McGraw,150.16,M,RT,1/11/1999,1,1998,5/15/1997,1.7,8/16/2002,16-Aug-02,5.3,1,2002,21-Jul-02,2002,UNK,,UHCOR,,,No
99L53,McGraw,150.20,M,RT,1/11/1999,1,1998,5/15/1997,1.7,8/12/2002,12-Aug-02,5.2,1,2002,12-Aug-02,2002,UNK,,UHCOR,,,No
99L54,McGraw,151.02,F,RT,1/11/1999,1,1998,5/15/1994,4.7,7/5/2000,05-Jul-00,6.1,1,2000,05-Jul-00,2000,UNK,,UHCOR,,,No
99L55,McGraw,151.00,F,RT,1/11/1999,1,1998,5/15/1994,4.7,6/22/2006,22-Jun-06,12.1,2,2006,,,DC,7/20/2003,UHCOR,,,No
99L56,McGraw,150.28,F,RT,1/11/1999,1,1998,5/15/1995,3.7,3/15/2000,15-Mar-00,4.8,1,1999,15-Mar-00,1999,UNK,,UHCOR,,,Yes
99L57,McGraw,150.30,F,RT,1/11/1999,1,1998,5/15/1994,4.7,11/8/2002,08-Nov-02,8.5,1,2002,08-Nov-02,2002,UNK,,UHCOR,,,Yes
99L58,McGraw,150.50,F,RT,1/11/1999,1,1998,5/15/1994,4.7,3/14/2000,14-Mar-00,5.8,1,1999,14-Mar-00,1999,PR,,UHCOR,,,Yes
99L59,McGraw,151.33,M,RT,1/11/1999,1,1998,5/15/1995,3.7,7/16/2000,16-Jul-00,5.2,1,2000,12-Aug-99,1999,HU,,UHCID,,REMOVED,No
99LL09,McGraw,150.18,F,RT,1/11/1999,1,1998,5/15/1991,7.7,7/18/2000,18-Jul-00,9.2,1,2000,16-Jul-00,2000,HU,,UHCID,,REMOVED,No
99L61,McGraw,150.27,M,RT,1/12/1999,1,1998,5/15/1998,0.7,8/14/2006,14-Aug-06,8.3,2,2006,,,DRC,3/23/2000,UHCOR,,"DROPPED 2003, 2004",No
99L62,McGraw,151.65,F,RT,1/12/1999,1,1998,5/15/1995,3.7,7/27/1999,27-Jul-99,4.2,2,1999,,,DRC,7/27/1999,UHCOR,,,No
99L63,McGraw,150.31,F,RT,1/12/1999,1,1998,5/15/1995,3.7,11/5/2002,05-Nov-02,7.5,2,2002,,,DC,11/5/2002,UHCID,,DC 11/5/02,No
99L64,McGraw,150.48,F,RT,1/12/1999,1,1998,5/15/1996,2.7,8/16/2002,16-Aug-02,6.3,2,2002,,,DC,5/9/2000,UHCID,,DC 5/9/00,No
99L65,McGraw,150.21,M,RT,1/12/1999,1,1998,5/15/1997,1.7,3/17/2000,17-Mar-00,2.8,1,1999,17-Mar-00,1999,UNK,,UHCOR,,,No
99B01,Big Canyon,151.70,M,T,2/9/1999,2,1998,5/15/1997,1.7,1/14/2005,14-Jan-05,7.7,2,2004,,,DC,2/11/2004,BC,,,No
99B34,Big Canyon,151.48,M,T,2/9/1999,2,1998,5/15/1997,1.7,3/22/2002,22-Mar-02,4.9,1,2001,22-Mar-02,2001,PN,,BC,,,Yes
99B35,Big Canyon,151.60,F,T,2/9/1999,2,1998,5/15/1995,3.7,11/14/2003,14-Nov-03,8.5,1,2003,14-Nov-03,2003,PN,,BC,,,Yes
99B38,Big Canyon,151.31,F,T,2/9/1999,2,1998,5/15/1990,8.7,4/3/2003,03-Apr-03,12.9,1,2002,03-Apr-03,2002,PR,,BC,,,Yes
99B39,Big Canyon,151.33,M,T,2/9/1999,2,1998,5/15/1997,1.7,12/8/2002,08-Dec-02,5.6,1,2002,08-Dec-02,2002,PN,,MU,,,Yes
99B46,Big Canyon,150.85,F,T,2/9/1999,2,1998,5/15/1997,1.7,9/18/2000,18-Sep-00,3.3,1,2000,18-Sep-00,2000,UNK,,BC,,,No
99M02,Muir,151.43,F,T,2/9/1999,2,1998,5/15/1997,1.7,12/27/2000,27-Dec-00,3.6,1,2000,27-Dec-00,2000,UNK,,MU,,,No
99M15,Muir,151.67,M,T,2/9/1999,2,1998,5/15/1998,0.7,3/25/2000,25-Mar-00,1.9,1,1999,25-Mar-00,1999,PR,,IM,,To Imnaha 1999,No
99M22,Muir,151.81,M,T,2/9/1999,2,1998,5/15/1998,0.7,7/1/2001,01-Jul-01,3.1,2,2001,,,DC,7/1/2001,MU,,,No
99M23,Muir,151.77,F,T,2/9/1999,2,1998,5/15/1996,2.7,6/12/2006,12-Jun-06,10.1,2,2006,,,DC,4/1/2004,MU,,,No
99M24,Muir,151.34,M,T,2/9/1999,2,1998,5/15/1998,0.7,12/31/2001,31-Dec-01,3.6,2,2001,,,DRC,12/13/2001,IM,,To Imnaha 6/1999 DROP COLLAR?,No
99M29,Muir,150.89,F,T,2/9/1999,2,1998,5/15/1994,4.7,1/10/2001,10-Jan-01,6.7,1,2000,10-Jan-01,2000,PN,,MU,,,No
99M30,Muir,151.53,F,T,2/9/1999,2,1998,5/15/1994,4.7,4/13/2000,13-Apr-00,5.9,1,1999,13-Apr-00,1999,PN,,UHCOR,,To Upper Hells Canyon OR 4/2/99,No
99M31,Muir,151.30,F,T,2/9/1999,2,1998,5/15/1997,1.7,5/13/2006,13-May-06,9,2,2006,,,DC,10/13/2003,MU,,,No
99M32,Muir,151.52,F,T,2/9/1999,2,1998,5/15/1997,1.7,10/1/1999,01-Oct-99,2.4,1,1999,01-Oct-99,1999,HU,,MU,,,No
99M33,Muir,151.46,F,T,2/9/1999,2,1998,5/15/1995,3.7,5/10/1999,10-May-99,4,1,1999,10-May-99,1999,UNK,,MU,,,No
99M36,Muir,151.28,F,T,2/9/1999,2,1998,5/15/1997,1.7,2/20/2003,20-Feb-03,5.8,1,2002,16-Feb-03,2002,PN,,MU,,,Yes
99M41,Muir,151.44,F,T,2/9/1999,2,1998,5/15/1997,1.7,9/16/2005,16-Sep-05,8.3,2,2005,,,DC,10/1/2003,MU,,Collar dropped by 7/2004,No
99M45,Muir,151.41,F,T,2/9/1999,2,1998,5/15/1994,4.7,11/3/2003,03-Nov-03,9.5,1,2003,03-Nov-03,2003,PN,,BC,,To Big Canyon,No
99M47,Muir,151.55,F,T,2/9/1999,2,1998,5/15/1989,9.7,9/11/2002,11-Sep-02,13.3,1,2002,11-Sep-02,2002,PR,,MU,,,Yes
99L01,Lostine,150.41,F,R,12/10/1999,12,1999,5/15/1995,4.6,3/14/2000,14-Mar-00,4.8,1,1999,14-Mar-00,1999,PR,,LO,,,Yes
99L02,Lostine,150.61,F,R,12/10/1999,12,1999,5/15/1995,4.6,5/21/2006,21-May-06,11,1,2006,21-May-06,2006,UNK,,LO,,,Yes
99L03,Lostine,151.71,F,R,12/10/1999,12,1999,5/15/1995,4.6,5/14/2012,14-May-12,17,2,2012,,,DRC,4/1/2007,LO,,,No
99LO57,Lostine,150.02,F,R,12/10/1999,12,1999,5/15/1991,8.6,9/24/2007,24-Sep-07,16.4,1,2007,08-Sep-07,2007,UNK,,LO,,,Yes
99L05,Lostine,150.19,M,R,12/20/1999,12,1999,5/15/1997,2.6,9/13/2008,13-Sep-08,11.3,1,2008,13-Sep-08,2008,HU,,LO,,,No
00L09,Lostine,151.46,F,R,12/21/1999,12,1999,5/15/1997,2.6,4/11/2015,16-Jul-15,18.2,0,2015,,,,,LO,,,No
99L00,Lostine,150.64,F,R,12/21/1999,12,1999,5/15/1987,12.6,1/11/2004,11-Jan-04,16.7,1,2003,03-Jan-04,2003,PR,,LO,,,Yes
99L09,Lostine,151.46,F,R,12/21/1999,12,1999,5/15/1997,2.6,4/12/2015,16-Jul-15,18.2,0,2015,,,,,LO,,,No
99L10,Lostine,151.76,M,R,12/21/1999,12,1999,5/15/1998,1.6,9/13/2003,13-Sep-03,5.3,1,2003,13-Sep-03,2003,HU,,LO,,,No
99L11,Lostine,151.99,M,R,12/21/1999,12,1999,5/15/1995,4.6,8/9/2004,09-Aug-04,9.2,1,2004,20-Jul-04,2004,INJ,,LO,,,No
99L26,Lostine,151.32,M,R,12/21/1999,12,1999,5/15/1991,8.6,5/27/2001,27-May-01,10,1,2001,27-May-01,2001,INJ,,LO,,,Yes
99L23,Lostine,150.12,F,R,12/28/1999,12,1999,5/15/1990,9.6,12/8/2002,08-Dec-02,12.6,1,2002,28-Nov-02,2002,PN,,LO,,,No
00B14,Black Butte,151.71,M,R,1/19/2000,1,1999,5/15/1997,2.7,11/20/2002,20-Nov-02,5.5,1,2002,20-Nov-02,2002,HU,,BB,NA,,No
00B15,Black Butte,151.72,M,R,1/19/2000,1,1999,5/15/1998,1.7,5/14/2003,14-May-03,5,1,2003,14-May-03,2003,PN,,BB,NA,,No
00B16,Black Butte,151.77,M,R,1/19/2000,1,1999,5/15/1996,3.7,4/15/2002,15-Apr-02,5.9,1,2001,15-Apr-02,2001,PR,,BB,NA,,Yes
00B17,Black Butte,151.78,M,R,1/19/2000,1,1999,5/15/1997,2.7,5/11/2003,11-May-03,6,1,2003,11-May-03,2003,UNK,,BB,NA,,Yes
00B19,Black Butte,151.88,M,R,1/19/2000,1,1999,5/15/1998,1.7,3/1/2003,01-Mar-03,4.8,1,2002,01-Mar-03,2002,PN,,BB,NA,,Yes
00R02,Redbird,151.32,M,R,1/20/2000,1,1999,5/15/1997,2.7,5/25/2000,25-May-00,3,1,2000,25-May-00,2000,HU,,RB,,,No
00R03,Redbird,151.46,F,R,1/20/2000,1,1999,5/15/1993,6.7,1/16/2004,16-Jan-04,10.7,1,2003,16-Jan-04,2003,PR,,RB,,,Yes
00R18,Redbird,151.48,M,R,1/20/2000,1,1999,5/15/1996,3.7,2/9/2003,09-Feb-03,6.7,1,2002,09-Feb-03,2002,PR,,RB,,,Yes
00L19,Lostine,150.59,F,R,1/21/2000,1,1999,5/15/1995,4.7,1/24/2015,24-Jan-15,19.7,1,2014,24-Jan-15,2014,PR,,LO,,,No
00L20,Lostine,151.78,F,R,1/21/2000,1,1999,5/15/1997,2.7,3/17/2005,17-Mar-05,7.8,1,2004,17-Mar-05,2004,PR,,LO,,,No
00R04,Redbird,151.50,M,R,1/21/2000,1,1999,5/15/1991,8.7,4/15/2005,15-Apr-05,13.9,1,2004,15-Apr-05,2004,INJ,,RB,,,No
00R05,Redbird,151.55,M,R,1/21/2000,1,1999,5/15/1992,7.7,1/9/2004,09-Jan-04,11.7,1,2003,09-Jan-04,2003,PR,,RB,,,Yes
00R06,Redbird,151.70,M,R,1/21/2000,1,1999,5/15/1996,3.7,11/12/2005,12-Nov-05,9.5,2,2005,,,DC,9/1/2004,RB,,,No
00R07,Redbird,151.87,M,R,1/21/2000,1,1999,5/15/1992,7.7,4/8/2002,08-Apr-02,9.9,1,2001,08-Apr-02,2001,PR,,RB,,,Yes
00I06,Imnaha,150.41,F,R,1/23/2000,1,1999,5/15/1996,3.7,7/20/2008,20-Jul-08,12.2,1,2008,20-Jul-08,2008,PR,,IM,,,No
03BB21,Black Butte,151.31,F,R,3/8/2003,3,2002,5/15/1998,4.8,2/18/2004,18-Feb-04,5.8,1,2003,18-Feb-04,2003,PR,,BB,HellerBar,,Yes
03BB22,Black Butte,151.28,F,R,3/8/2003,3,2002,5/15/1998,4.8,4/9/2004,09-Apr-04,5.9,1,2003,09-Apr-04,2003,PN,,BB,HellerBar,,No
03BB24,Black Butte,151.99,M,R,3/8/2003,3,2002,5/15/2001,1.8,11/10/2003,10-Nov-03,2.5,2,2003,,,HU,,BB,NA,,No
03BB25,Black Butte,151.32,M,R,3/8/2003,3,2002,5/15/1995,7.8,5/1/2004,01-May-04,9,1,2004,01-May-04,2004,INJ,,BB,NA,,Yes
03BB26,Black Butte,151.33,F,R,3/8/2003,3,2002,5/15/1998,4.8,1/1/2009,01-Jan-09,10.6,1,2008,01-Jan-09,2008,INJ,,BB,HellerBar,,No
03BB27,Black Butte,151.02,M,R,3/8/2003,3,2002,5/15/2000,2.8,2/22/2008,22-Feb-08,7.8,2,2007,,,DC,,BB,NA,,No
03RB64,Redbird,150.08,M,R,3/8/2003,3,2002,5/15/2000,2.8,4/17/2009,17-Apr-09,8.9,1,2008,16-Apr-09,2008,INJ,,RB,,,Yes
03RB65,Redbird,150.13,M,R,3/8/2003,3,2002,5/15/2000,2.8,9/29/2004,29-Sep-04,4.4,1,2004,29-Sep-04,2004,INJ,,RB,,,No
03RB67,Redbird,150.99,M,R,3/8/2003,3,2002,5/15/2000,2.8,10/5/2010,05-Oct-10,10.4,1,2010,05-Oct-10,2010,HU,10/20/2004,RB,,,No
03RB69,Redbird,150.95,F,R,3/8/2003,3,2002,5/15/1998,4.8,11/23/2009,23-Nov-09,11.5,2,2009,,,DC,11/17/2008,RB,,,No
03RB70,Redbird,151.47,F,R,3/8/2003,3,2002,5/15/1999,3.8,12/20/2012,20-Dec-12,13.6,1,2012,20-Dec-12,2012,UNK,,RB,,,No
03RB73,Redbird,151.45,F,R,3/8/2003,3,2002,5/15/1998,4.8,3/24/2011,24-Mar-11,12.9,2,2010,,,DRC,3/24/2011,RB,,,No
03RB74,Redbird,151.40,F,R,3/8/2003,3,2002,5/15/1998,4.8,10/28/2011,28-Oct-11,13.5,1,2011,28-Oct-11,2011,PR,,RB,,,Yes
03RB75,Redbird,151.41,F,R,3/8/2003,3,2002,5/15/1998,4.8,4/12/2015,16-Jul-15,17.2,0,2015,,,,,RB,,,No
03AS01,Asotin,150.09,M,R,3/9/2003,3,2002,5/15/2001,1.8,10/28/2004,28-Oct-04,3.5,1,2004,23-Oct-04,2004,INJ,,AS,,,No
03AS02,Asotin,150.41,F,R,3/9/2003,3,2002,5/15/1995,7.8,3/15/2005,15-Mar-05,9.8,1,2004,15-Mar-05,2004,INJ,,AS,,,Yes
03AS03,Asotin,150.51,M,R,3/9/2003,3,2002,5/15/1999,3.8,2/26/2006,26-Feb-06,6.8,1,2005,26-Feb-06,2005,UNK,,AS,,,No
03AS04,Asotin,151.24,F,R,3/9/2003,3,2002,5/15/1987,15.8,6/26/2005,26-Jun-05,18.1,1,2005,26-Jun-05,2005,PR,,AS,,,Yes
03AS05,Asotin,150.55,M,R,3/9/2003,3,2002,5/15/1999,3.8,12/3/2003,03-Dec-03,4.6,1,2003,03-Dec-03,2003,INJ,,AS,,,Yes
03AS06,Asotin,150.86,F,R,3/9/2003,3,2002,5/15/2001,1.8,11/7/2007,07-Nov-07,6.5,2,2007,,,DRC,11/1/2007,AS,,,No
03AS07,Asotin,150.88,F,R,3/9/2003,3,2002,5/15/2001,1.8,8/19/2003,19-Aug-03,2.3,1,2003,19-Aug-03,2003,PR,,AS,,,Yes
03AS08,Asotin,151.14,M,R,3/9/2003,3,2002,5/15/1999,3.8,11/10/2005,10-Nov-05,6.5,1,2005,,,HU,,AS,,,No
03AS09,Asotin,151.15,F,R,3/9/2003,3,2002,5/15/1998,4.8,3/13/2007,13-Mar-07,8.8,1,2006,13-Mar-07,2006,INJ,,AS,,,Yes
03AS10,Asotin,151.21,F,R,3/9/2003,3,2002,5/15/1999,3.8,2/2/2004,02-Feb-04,4.7,1,2003,02-Feb-04,2003,PR,,AS,,,Yes
03AS11,Asotin,150.52,M,R,3/9/2003,3,2002,5/15/2000,2.8,9/15/2010,15-Sep-10,10.3,1,2010,15-Sep-10,2010,HU,,AS,,Hunter harvest,No
03AS12,Asotin,151.27,F,R,3/9/2003,3,2002,5/15/1998,4.8,12/31/2006,31-Dec-06,8.6,1,2006,31-Dec-06,2006,UNK,,AS,,,Yes
03AS15,Asotin,150.11,F,R,3/9/2003,3,2002,5/15/1998,4.8,1/15/2005,15-Jan-05,6.7,1,2004,,,HU,,AS,,,No
03WE31,Wenaha,151.46,F,R,3/9/2003,3,2002,5/15/2000,2.8,5/20/2008,20-May-08,8,2,2008,,,DRC,8/21/2007,WE,,,No
03WE53,Wenaha,150.37,M,R,3/9/2003,3,2002,5/14/2000,2.8,10/15/2008,15-Oct-08,8.4,2,2008,,,DC,10/16/2008,WE,,,No
03WE54,Wenaha,150.40,M,R,3/9/2003,3,2002,5/15/2000,2.8,10/23/2006,23-Oct-06,6.4,1,2006,23-Oct-06,2006,HU,,WE,,,No
03WE55,Wenaha,150.48,M,R,3/9/2003,3,2002,5/15/2000,2.8,2/1/2008,01-Feb-08,7.7,1,2007,02-Feb-08,2007,PN,,WE,,,Yes
03WE56,Wenaha,151.53,M,R,3/9/2003,3,2002,5/15/2001,1.8,4/18/2005,18-Apr-05,3.9,1,2004,18-Apr-05,2004,INJ,,WE,,,Yes
03WE61,Wenaha,150.58,F,R,3/9/2003,3,2002,5/15/1998,4.8,3/6/2008,06-Mar-08,9.8,1,2007,12-Mar-08,2007,PN,,WE,,,Yes
03WE62,Wenaha,150.85,F,R,3/9/2003,3,2002,5/15/1991,11.8,2/24/2008,24-Feb-08,16.8,1,2007,24-Feb-08,2007,PN,,WE,,,Yes
03WE63,Wenaha,151.08,F,R,3/9/2003,3,2002,5/15/1998,4.8,10/21/2009,21-Oct-09,11.4,2,2009,,,DC,6/27/2007,WE,,,No
03IM14,Imnaha,150.97,M,R,3/10/2003,3,2002,5/15/2001,1.8,9/10/2005,10-Sep-05,4.3,1,2005,10-Sep-05,2005,HU,,IM,,,No
03IM17,Imnaha,151.22,F,R,3/10/2003,3,2002,5/15/1998,4.8,5/10/2010,10-May-10,12,2,2010,,,DC,6/1/2007,IM,,,No
03IM19,Imnaha,151.81,F,R,3/10/2003,3,2002,5/15/1998,4.8,5/31/2008,31-May-08,10.1,1,2008,03-Jun-08,2008,UNK,,IM,,,No
03IM70,Imnaha,151.26,F,R,3/10/2003,3,2002,5/15/1998,4.8,11/7/2012,07-Nov-12,14.5,2,2012,,,DC,9/1/2007,IM,,,No
03IM73,Imnaha,151.25,M,R,3/10/2003,3,2002,5/15/2002,0.8,2/20/2004,20-Feb-04,1.8,1,2003,20-Feb-04,2003,PN,,IM,,,No
03IM74,Imnaha,151.29,M,R,3/10/2003,3,2002,5/15/2001,1.8,10/14/2007,14-Oct-07,6.4,1,2007,14-Oct-07,2007,HU,5/1/2004,IM,,Dead collar 7/2004,No
04LO12,Lostine,,F,R,2/5/2004,2,2003,5/15/2001,2.7,2/26/2014,26-Feb-14,12.8,2,2013,,,,,SDSU,,Moved to SDSU,No
04LO17,Lostine,151.25,M,R,2/5/2004,2,2003,5/15/2002,1.7,9/11/2006,11-Sep-06,4.3,1,2006,13-Sep-06,2006,HU,,LO,,recollar 150.370,No
04LO22,Lostine,151.53,M,R,2/5/2004,2,2003,5/15/2002,1.7,3/16/2010,16-Mar-10,7.8,1,2009,14-Mar-10,2009,UNK,,LO,,,Yes
04LO49,Lostine,150.36,F,R,2/5/2004,2,2003,5/15/2002,1.7,4/12/2015,16-Jul-15,13.2,0,2015,,,,,LO,,,No
04LO58,Lostine,151.46,F,R,2/5/2004,2,2003,5/15/2001,2.7,4/12/2015,16-Jul-15,14.2,0,2015,,,,,,,,No
04LO59,Lostine,150.55,M,R,2/5/2004,2,2003,5/15/2002,1.7,5/13/2004,13-May-04,2,2,2004,,,,,LO,,,No
04LO60,Lostine,151.72,F,R,2/5/2004,2,2003,5/15/2000,3.7,1/13/2015,13-Jan-15,14.7,2,2014,,,HU,,,,moved to SDSU,No
04LO75,Lostine,,F,R,2/5/2004,2,2003,5/15/1999,4.7,4/12/2015,16-Jul-15,16.2,0,2015,,,,,,,,No
04LO65,Lostine,151.06,F,R,3/10/2004,3,2003,5/15/2001,2.8,11/6/2013,06-Nov-13,12.5,1,2013,06-Nov-13,2013,HU,1/1/2009,LO,,Probably capture related injury,No
04LO72,Lostine,150.52,F,R,3/10/2004,3,2003,5/15/2001,2.8,5/20/2010,20-May-10,9,1,2010,20-May-10,2010,UNK,,LO,,,Yes
04LO73,Lostine,150.14,F,R,3/10/2004,3,2003,5/15/2003,0.8,4/12/2015,16-Jul-15,12.2,0,2015,,,,,LO,,,No
04LO74,Lostine,150.23,F,R,3/10/2004,3,2003,5/15/2000,3.8,4/12/2015,16-Jul-15,15.2,0,2015,,,,,,,,No
05LO40,05IMREL,151.07,F,RT,1/11/2005,1,2004,5/15/2000,4.7,3/3/2013,03-Mar-13,12.8,1,2012,03-Mar-13,2012,UNK,,,,,No
05LO50,05IMREL,151.41,F,RT,1/11/2005,1,2004,5/15/2002,2.7,4/11/2015,16-Jul-15,13.2,0,2015,,,,,,,,No
05LO66,05IMREL,,F,RT,1/11/2005,1,2004,5/15/2004,0.7,4/11/2015,16-Jul-15,11.2,0,2015,,,,,,,,No
05LO69,05IMREL,150.17,F,RT,1/11/2005,1,2004,5/15/2001,3.7,4/11/2015,16-Jul-15,14.2,0,2015,,,,,,,,No
05LO71,05IMREL,151.30,F,RT,1/11/2005,1,2004,5/15/2001,3.7,3/7/2013,07-Mar-13,11.8,1,2012,07-Mar-13,2012,UNK,,,,,Yes
05LO38,Lostine,151.01,M,R,2/9/2005,2,2004,5/15/2004,0.7,12/2/2005,02-Dec-05,1.6,1,2005,02-Dec-05,2005,PR,,LO,,,No
05LO25,Lostine,150.60,M,R,12/7/2005,12,2005,5/15/2004,1.6,10/15/2009,15-Oct-09,5.4,1,2009,15-Oct-09,2009,UNK,,LO,,,No
05LO53,Lostine,150.38,F,R,12/7/2005,12,2005,5/15/2004,1.6,4/12/2015,16-Jul-15,11.2,0,2015,,,,,LO,,,No
05LO55,Lostine,,F,R,12/7/2005,12,2005,5/15/2004,1.6,5/17/2006,17-May-06,2,2,2006,,,DC,,LO,,No collar,No
05LO67,Lostine,151.01,M,R,12/7/2005,12,2005,5/15/2004,1.6,2/26/2014,26-Feb-14,9.8,1,2013,26-Feb-14,2013,UNK,,,,,No
06LO71,Lostine,151.94,F,R,12/7/2005,12,2005,5/15/1996,9.6,4/13/2007,13-Apr-07,10.9,1,2006,13-Apr-07,2006,PR,,LO,,,Yes
05LO68,Lostine,150.54,F,R,12/15/2005,12,2005,5/15/2002,3.6,4/12/2015,16-Jul-15,13.2,0,2015,,,,,LO,,,No
06AS24,Asotin,150.18,F,R,1/2/2006,1,2005,5/15/2001,4.6,11/7/2009,07-Nov-09,8.5,1,2009,07-Nov-09,2009,INJ,,AS,,,Yes
06AS52,Asotin,150.06,F,R,1/2/2006,1,2005,5/15/2002,3.6,2/13/2012,13-Feb-12,9.8,2,2011,,,DC,12/21/2009,AS,,,No
06AS55,Asotin,150.05,M,R,1/2/2006,1,2005,5/15/2003,2.6,9/17/2008,17-Sep-08,5.3,1,2008,17-Sep-08,2008,HU,,AS,,,No
06AS56,Asotin,150.11,M,R,1/2/2006,1,2005,5/15/2003,2.6,7/8/2007,08-Jul-07,4.2,1,2007,08-Jul-07,2007,INJ,,AS,,,Yes
06AS58,Asotin,150.09,M,R,1/2/2006,1,2005,5/15/2002,3.6,11/9/2013,09-Nov-13,11.5,1,2013,09-Nov-13,2013,HU,,,,,No
06AS59,Asotin,150.31,M,R,1/2/2006,1,2005,5/15/2002,3.6,11/24/2007,24-Nov-07,5.5,1,2007,24-Nov-07,2007,HU,,AS,,,No
06BB02,Black Butte,151.36,M,R,1/2/2006,1,2005,5/15/2001,4.6,11/16/2009,16-Nov-09,8.5,1,2009,16-Nov-09,2009,UNK,,BB,NA,,Yes
06BB04,Black Butte,150.96,M,R,1/2/2006,1,2005,5/15/1999,6.6,2/26/2010,26-Feb-10,10.8,2,2009,,,DC,,BB,NA,,No
06BB05,Black Butte,151.07,M,R,1/2/2006,1,2005,5/15/2002,3.6,12/1/2009,01-Dec-09,7.6,2,2009,,,DC,6/14/2007,BB,NA,,No
06BB06,Black Butte,151.90,F,R,1/2/2006,1,2005,5/15/1997,8.6,8/22/2007,22-Aug-07,10.3,1,2007,15-Aug-07,2007,UNK,,BB,HellerBar,,Yes
06BB07,Black Butte,151.03,M,R,1/2/2006,1,2005,5/15/2004,1.6,3/4/2011,04-Mar-11,6.8,2,2010,12-Nov-11,2011,DC,6/14/2007,BB,NA,,No
06BB09,Black Butte,151.11,M,R,1/2/2006,1,2005,5/15/1999,6.6,1/18/2006,18-Jan-06,6.7,2,2005,18-Jan-06,2005,HU,,BB,NA,,Yes
06BB10,Black Butte,151.31,F,R,1/2/2006,1,2005,5/15/2001,4.6,7/18/2014,18-Jul-14,13.2,1,2014,18-Jul-14,2014,PN,,,HellerBar,,No
06BB11,Black Butte,151.28,F,R,1/2/2006,1,2005,5/15/2001,4.6,7/1/2008,01-Jul-08,7.1,1,2008,01-Jul-08,2008,PN,,BB,HellerBar,,Yes
06BB12,Black Butte,151.77,F,R,1/2/2006,1,2005,5/15/2003,2.6,10/8/2014,08-Oct-14,11.4,2,2014,,,Transferred to SDSU,,,HellerBar,,No
06BB13,Black Butte,151.87,F,R,1/2/2006,1,2005,5/15/2002,3.6,10/8/2014,08-Oct-14,12.4,2,2014,,,Transferred to SDSU,,,HellerBar,,No
06RB01,Redbird,150.99,F,R,1/2/2006,1,2005,5/15/2000,5.6,1/17/2007,17-Jan-07,6.7,1,2006,17-Jan-07,2006,PN,,RB,,,Yes
06RB03,Redbird,150.47,F,R,1/2/2006,1,2005,5/15/2001,4.6,12/15/2011,15-Dec-11,10.6,1,2011,10-Dec-11,2011,PR,,RB,,,No
06RB08,Redbird,151.35,F,R,1/2/2006,1,2005,5/15/2001,4.6,4/11/2015,16-Jul-15,14.2,0,2015,,,,,,,,No
06RB16,Redbird,150.42,F,R,1/2/2006,1,2005,5/15/2004,1.6,4/11/2015,16-Jul-15,11.2,0,2015,,,,,,,,No
06RB19,Redbird,151.48,M,R,1/2/2006,1,2005,5/15/2004,1.6,3/24/2011,24-Mar-11,6.9,1,2010,24-Mar-11,2010,UNK,,RB,,,Yes
06RB20,Redbird,151.60,M,R,1/2/2006,1,2005,5/15/2001,4.6,7/11/2007,11-Jul-07,6.2,1,2007,01-Aug-07,2007,INJ,,RB,,,No
06RB21,Redbird,150.50,M,R,1/2/2006,1,2005,5/15/1997,8.6,12/10/2006,10-Dec-06,9.6,1,2006,10-Dec-06,2006,PN,,RB,,,Yes
06RB22,Redbird,151.55,M,R,1/2/2006,1,2005,5/15/1999,6.6,9/30/2010,30-Sep-10,11.4,1,2010,30-Sep-10,2010,HU,,RB,,,No
06RB23,Redbird,151.91,M,R,1/2/2006,1,2005,5/15/2004,1.6,4/30/2008,30-Apr-08,4,1,2007,30-Apr-08,2007,INJ,,RB,,,No
06AS25,Asotin,150.53,F,R,1/3/2006,1,2005,5/15/2001,4.6,9/1/2010,01-Sep-10,9.3,1,2010,01-Sep-10,2010,UNK,,AS,,,Yes
06AS53,Asotin,150.41,F,R,1/3/2006,1,2005,5/15/1995,10.6,5/22/2007,22-May-07,12,1,2007,22-May-07,2007,INJ,,AS,,,Yes
06AS54,Asotin,150.35,F,R,1/3/2006,1,2005,5/15/2001,4.6,2/6/2012,06-Feb-12,10.7,1,2011,06-Feb-12,2011,INJ,,,,,No
06MV51,Mountain View,150.54,M,R,1/3/2006,1,2005,5/15/2001,4.6,9/15/2009,15-Sep-09,8.3,1,2009,15-Sep-09,2009,HU,,MV,,,No
06MV57,Mountain View,150.75,F,R,1/3/2006,1,2005,5/15/2001,4.6,4/11/2015,16-Jul-15,14.2,0,2015,,,,,,,,No
06MV61,Mountain View,150.70,F,R,1/3/2006,1,2005,5/15/2002,3.6,1/9/2008,09-Jan-08,5.7,1,2007,09-Jan-08,2007,INJ,,MV,,,No
06MV62,Mountain View,150.55,F,R,1/3/2006,1,2005,5/15/1996,9.6,5/5/2008,05-May-08,12,1,2008,05-May-08,2008,UNK,,MV,,,Yes
06MV63,Mountain View,151.70,F,R,1/3/2006,1,2005,5/15/2001,4.6,7/4/2009,04-Jul-09,8.1,1,2009,01-Jul-09,2009,UNK,,MV,,,Yes
06MV67,Mountain View,150.30,F,R,1/3/2006,1,2005,5/15/1997,8.6,12/3/2013,03-Dec-13,16.6,1,2013,20-Dec-13,2013,UNK,1/8/2014,MV,,,Yes
06MV84,Mountain View,151.73,M,R,1/3/2006,1,2005,5/15/2002,3.6,4/26/2008,26-Apr-08,6,1,2007,26-Apr-08,2007,PR,,MV,,,Yes
06MV85,Mountain View,151.47,M,R,1/3/2006,1,2005,5/15/2003,2.6,12/10/2013,10-Dec-13,10.6,1,2013,12-Dec-13,2013,UNK,,,,,Yes
06WE60,Wenaha,151.49,F,R,1/3/2006,1,2005,5/15/2002,3.6,4/12/2015,16-Jul-15,13.2,0,2015,,,,,,,,No
06WE64,Wenaha,151.63,F,R,1/3/2006,1,2005,5/15/2001,4.6,4/12/2015,16-Jul-15,14.2,0,2015,,,,,,,,No
06WE65,Wenaha,151.39,F,R,1/3/2006,1,2005,5/15/2001,4.6,7/28/2011,28-Jul-11,10.2,1,2011,28-Jul-11,2011,UNK,,,,,Yes
06WE68,Wenaha,150.84,F,R,1/3/2006,1,2005,5/15/1991,14.6,10/11/2006,11-Oct-06,15.4,1,2006,11-Oct-06,2006,UNK,,WE,,,Yes
06WE69,Wenaha,150.98,M,R,1/3/2006,1,2005,5/15/2002,3.6,4/23/2013,23-Apr-13,10.9,2,2012,,,DC,4/17/2007,WE,,,No
06WE70,Wenaha,151.30,M,R,1/3/2006,1,2005,5/15/2001,4.6,5/21/2008,21-May-08,7,1,2008,21-May-08,2008,PR,,WE,,,Yes
06IM72,Imnaha,150.27,M,R,1/4/2006,1,2005,5/15/2003,2.6,5/26/2008,26-May-08,5,1,2008,26-May-08,2008,PR,,IM,,,No
06IM73,Imnaha,150.92,F,R,1/4/2006,1,2005,5/15/1995,10.6,6/4/2008,04-Jun-08,13.1,1,2008,04-Jun-08,2008,PR,,IM,,,Yes
06IM74,Imnaha,150.69,M,R,1/4/2006,1,2005,5/15/2003,2.6,4/23/2011,23-Apr-11,7.9,1,2010,23-Apr-11,2010,PPR,,,,,Yes
06IM75,Imnaha,150.64,F,R,1/4/2006,1,2005,5/15/2001,4.6,1/17/2014,17-Jan-14,12.7,1,2013,01-Jan-14,2013,INJ,,,,,Yes
06IM76,Imnaha,150.86,F,R,1/4/2006,1,2005,5/15/2001,4.6,9/10/2008,10-Sep-08,7.3,1,2008,10-Sep-08,2008,UNK,,IM,,,No
06IM77,Imnaha,150.85,F,R,1/4/2006,1,2005,5/15/2003,2.6,8/31/2013,31-Aug-13,10.3,1,2013,31-Aug-13,2013,UNK,,,,,No
06IM78,Imnaha,150.52,F,R,1/4/2006,1,2005,5/15/2002,3.6,9/5/2007,05-Sep-07,5.3,1,2007,05-Sep-07,2007,PR,,IM,,,Yes
06IM79,Imnaha,151.44,F,R,1/4/2006,1,2005,5/15/2001,4.6,11/22/2008,22-Nov-08,7.5,1,2008,20-Nov-08,2008,UNK,,IM,,,No
06IM80,Imnaha,151.66,M,R,1/4/2006,1,2005,5/15/1997,8.6,3/10/2007,10-Mar-07,9.8,1,2006,10-Mar-07,2006,INJ,,IM,,,Yes
06IM81,Imnaha,151.65,M,R,1/4/2006,1,2005,5/15/2005,0.6,4/12/2015,16-Jul-15,10.2,0,2015,,,,,,,TO UHCOR 6/28/06,No
06IM82,Imnaha,151.71,M,R,1/4/2006,1,2005,5/15/2004,1.6,12/15/2008,15-Dec-08,4.6,1,2008,15-Dec-08,2008,UNK,,IM,,,Yes
06SM90,Sheep Mountain,151.72,M,R,1/4/2006,1,2005,5/15/1997,8.6,10/19/2006,19-Oct-06,9.4,1,2006,19-Oct-06,2006,PN,,SM,,,No
06SM91,Sheep Mountain,150.19,F,R,1/4/2006,1,2005,5/15/1996,9.6,2/5/2015,05-Feb-15,18.7,2,2014,,,HU,,,,Transferred to SDSU,No
06SM92,Sheep Mountain,150.89,F,R,1/4/2006,1,2005,5/15/1999,6.6,2/5/2015,05-Feb-15,15.7,2,2014,,,HU,,,,Transferred to SDSU,No
06SM94,Sheep Mountain,150.62,F,R,1/4/2006,1,2005,5/15/2002,3.6,6/9/2008,09-Jun-08,6.1,1,2008,09-Jun-08,2008,HU,,SM,,,No
06SM96,Sheep Mountain,151.23,M,R,1/4/2006,1,2005,5/15/1994,11.6,2/24/2006,24-Feb-06,11.8,1,2005,24-Feb-06,2005,PN,,SM,,,No
06SM97,Sheep Mountain,150.41,F,R,1/4/2006,1,2005,5/15/1999,6.6,11/20/2007,20-Nov-07,8.5,1,2007,17-Nov-07,2007,UNK,,SM,,,No
06SM98,Sheep Mountain,151.42,F,R,1/4/2006,1,2005,5/15/1999,6.6,8/19/2013,19-Aug-13,14.3,1,2013,19-Aug-13,2013,,,,,,No
06SM93,Sheep Mountain,151.00,F,R,1/5/2006,1,2005,5/15/1999,6.6,8/22/2012,22-Aug-12,13.3,1,2012,22-Aug-12,2012,,,,,,Yes
06SM95,Sheep Mountain,151.32,F,R,1/5/2006,1,2005,5/15/1990,15.7,7/26/2008,26-Jul-08,18.2,1,2008,26-Jul-08,2008,UNK,,SM,,,Yes
06SM99,Sheep Mountain,151.13,F,R,1/5/2006,1,2005,5/15/1999,6.6,3/27/2013,27-Mar-13,13.9,2,2012,,,DC,,SM,,6/20/2007,No
06LO06,Lostine,,M,R,2/9/2006,2,2005,5/15/2005,0.7,1/3/2010,03-Jan-10,4.6,2,2009,,,DC,,LO,,No collar,No
06LO61,Lostine,,M,R,2/9/2006,2,2005,5/15/2005,0.7,4/12/2015,16-Jul-15,10.2,0,2015,,,,,LO,,,No
06LO70,Lostine,151.19,M,R,2/9/2006,2,2005,5/15/2004,1.7,4/12/2015,16-Jul-15,11.2,0,2015,,,,,,,,No
06BB14,Black Butte,150.81,F,R,3/10/2006,3,2005,5/15/1997,8.8,4/9/2010,09-Apr-10,12.9,1,2009,09-Apr-10,2009,PR,,BB,JosephCanyon,RECOLLAR 151.170,Yes
06BB15,Black Butte,151.05,F,R,3/10/2006,3,2005,5/15/2001,4.8,7/2/2012,02-Jul-12,11.1,2,2012,,,DC,8/13/2008,BB,JosephCanyon,,No
06BB17,Black Butte,150.40,F,R,3/10/2006,3,2005,5/15/2001,4.8,7/20/2013,20-Jul-13,12.2,1,2013,20-Jul-13,2013,UNK,,,JosephCanyon,RECOLLAR 151.110,Yes
06BB18,Black Butte,151.89,F,R,3/10/2006,3,2005,5/15/1997,8.8,3/17/2011,17-Mar-11,13.8,1,2010,17-Mar-11,2010,PR,,BB,JosephCanyon,,Yes
06WE66,Wenaha,151.67,F,R,3/10/2006,3,2005,5/15/2001,4.8,4/12/2015,16-Jul-15,14.2,0,2015,,,,,,,,No
06WE71,Wenaha,150.27,F,R,3/10/2006,3,2005,5/15/2003,2.8,7/9/2014,09-Jul-14,11.2,2,2014,,,DC,6/27/2007,WE,,,No
06WE83,Wenaha,151.34,F,R,3/10/2006,3,2005,5/15/2001,4.8,4/11/2015,16-Jul-15,14.2,0,2015,,,,,,,,No
06LO62,Lostine,151.50,M,R,12/20/2006,12,2006,5/15/2005,1.6,4/12/2015,16-Jul-15,10.2,0,2015,,,,,,,dead collar removed 2/4/2014,No
06LO63,Lostine,151.58,F,R,12/20/2006,12,2006,5/15/2004,2.6,5/18/2014,18-May-14,10,1,2014,20-May-14,2014,,,,,,Yes
07IM51,Imnaha,151.46,M,R,3/15/2007,3,2006,5/15/2006,0.8,1/21/2010,21-Jan-10,3.7,1,2009,21-Jan-10,2009,PR,,IM,,RECOLLAR 151.120,No
07IM54,Imnaha,150.53,M,R,3/15/2007,3,2006,5/15/2005,1.8,9/8/2012,08-Sep-12,7.3,1,2012,12-Sep-12,2012,HU,,,,"RECOLLAR 151.329, Harvest",No
07IM64,Imnaha,151.04,M,R,3/15/2007,3,2006,5/15/2006,0.8,6/19/2007,19-Jun-07,1.1,1,2007,16-Jun-07,2007,INJ,,IM,,,No
07WE02,Wenaha,151.01,M,R,3/15/2007,3,2006,5/15/2005,1.8,3/20/2011,20-Mar-11,5.8,2,2010,,,DRC,3/19/2008,WE,,,No
07WE14,Wenaha,150.93,M,R,3/15/2007,3,2006,5/15/2005,1.8,6/11/2011,11-Jun-11,6.1,2,2011,,,DRC,3/19/2008,WE,,,No
07WE15,Wenaha,150.82,M,R,3/15/2007,3,2006,5/15/2004,2.8,4/11/2012,11-Apr-12,7.9,2,2011,,,DRC,11/5/2008,WE,,,No
07BC65,Big Canyon,150.99,F,R,3/16/2007,3,2006,5/15/2000,6.8,7/3/2013,03-Jul-13,13.1,2,2013,,,DC,8/15/2012,BC,,drop collar cotton spacer,No
07BC70,Big Canyon,150.50,M,R,3/16/2007,3,2006,5/15/1999,7.8,10/11/2008,11-Oct-08,9.4,1,2008,11-Oct-08,2008,UNK,,BC,,,Yes
08LO21,Lostine,151.46,M,R,1/22/2008,1,2007,5/15/2005,2.7,5/4/2011,04-May-11,6,1,2011,04-May-11,2011,UNK,,,,,No
08LO29,Lostine,151.53,F,R,1/22/2008,1,2007,5/15/2005,2.7,4/12/2015,16-Jul-15,10.2,0,2015,,,,,,,VHF collar 151.529 removed and replaced with Vectronics GPS 151.330 on 2/4/2014.,No
08LO24,Lostine,150.25,F,R,1/23/2008,1,2007,5/15/2001,6.7,4/12/2015,16-Jul-15,14.2,0,2015,,,,,,,,No
08BB12,Black Butte,150.36,F,R,3/12/2008,3,2007,5/15/1995,12.8,7/1/2010,01-Jul-10,15.1,1,2010,01-Jul-10,2010,PN,,BB,JosephCanyon,,Yes
08BB16,Black Butte,150.57,F,R,3/12/2008,3,2007,5/15/2001,6.8,10/15/2014,15-Oct-14,13.4,1,2014,15-Oct-14,2014,UNK,,,JosephCanyon,,Yes
08BB20,Black Butte,150.87,M,R,3/12/2008,3,2007,5/15/2006,1.8,4/11/2015,16-Jul-15,9.2,0,2015,,,,,,NA,GPS 1380,No
08BB21,Black Butte,150.89,M,R,3/12/2008,3,2007,5/15/2005,2.8,4/11/2015,16-Jul-15,10.2,0,2015,,,,,,NA,GPS 1499,No
08BB22,Black Butte,151.02,M,R,3/12/2008,3,2007,5/15/2003,4.8,7/7/2010,07-Jul-10,7.2,1,2010,07-Jul-10,2010,UNK,,BB,NA,,Yes
08BB23,Black Butte,151.07,M,R,3/12/2008,3,2007,5/15/2006,1.8,4/11/2015,16-Jul-15,9.2,0,2015,,,,,,NA,,No
08IM01,Imnaha,150.11,F,R,3/12/2008,3,2007,5/15/2004,3.8,4/12/2015,16-Jul-15,11.2,0,2015,,,,,,,,No
08IM02,Imnaha,150.44,M,R,3/12/2008,3,2007,5/15/2005,2.8,8/30/2009,30-Aug-09,4.3,1,2009,30-Aug-09,2009,INJ,,IM,,GPS 122,No
08IM03,Imnaha,150.51,F,R,3/12/2008,3,2007,5/15/2003,4.8,6/28/2008,28-Jun-08,5.1,1,2008,28-Jun-08,2008,INJ,,IM,,,Yes
08IM04,Imnaha,150.52,F,R,3/12/2008,3,2007,5/15/2006,1.8,6/12/2011,12-Jun-11,5.1,1,2011,12-Jun-11,2011,UNK,,,,,No
08IM06,Imnaha,150.54,M,R,3/12/2008,3,2007,5/15/2006,1.8,9/12/2010,12-Sep-10,4.3,1,2010,12-Sep-10,2010,HU,,IM,,,No
08IM07,Imnaha,150.58,F,R,3/12/2008,3,2007,5/15/2003,4.8,10/29/2013,29-Oct-13,10.5,1,2013,29-Oct-13,2013,,,,,,Yes
08IM08,Imnaha,150.82,F,R,3/12/2008,3,2007,5/15/2005,2.8,3/2/2009,02-Mar-09,3.8,1,2008,02-Mar-09,2008,UNK,,IM,,,No
08IM09,Imnaha,150.98,F,R,3/12/2008,3,2007,5/15/2005,2.8,4/12/2015,16-Jul-15,10.2,0,2015,,,,,,,,No
08IM10,Imnaha,151.29,F,R,3/12/2008,3,2007,5/15/2004,3.8,4/12/2015,16-Jul-15,11.2,0,2015,,,,,,,,No
08AS26,Asotin,150.03,F,R,3/13/2008,3,2007,5/15/2003,4.8,4/11/2015,16-Jul-15,12.2,0,2015,,,,,,,,No
08AS27,Asotin,150.11,M,R,3/13/2008,3,2007,5/15/2006,1.8,9/20/2012,20-Sep-12,6.4,1,2012,20-Sep-12,2012,HU,,,,GPS 663,No
08AS28,Asotin,150.16,F,R,3/13/2008,3,2007,5/15/2007,0.8,1/31/2012,31-Jan-12,4.7,1,2011,30-Jan-12,2011,PN,,AS,,,No
08AS29,Asotin,150.22,F,R,3/13/2008,3,2007,5/15/2003,4.8,1/14/2015,14-Jan-15,11.7,2,2014,,,Transferred to SDSU,,,,,No
08AS30,Asotin,150.24,F,R,3/13/2008,3,2007,5/15/2006,1.8,6/3/2009,03-Jun-09,3.1,1,2009,03-Jun-09,2009,PPR,,AS,,,Yes
08AS31,Asotin,150.29,M,R,3/13/2008,3,2007,5/15/2006,1.8,11/16/2014,16-Nov-14,8.5,1,2014,16-Nov-14,2014,HU,,,,GPS 1881  dropped 7/09,No
08AS32,Asotin,150.31,M,R,3/13/2008,3,2007,5/15/2005,2.8,11/12/2012,12-Nov-12,7.5,1,2012,12-Nov-12,2012,HU,,,,,No
08AS33,Asotin,150.32,M,R,3/13/2008,3,2007,5/15/2006,1.8,8/25/2009,25-Aug-09,3.3,1,2009,25-Aug-09,2009,UNK,,AS,,,Yes
08AS36,Asotin,150.41,F,R,3/13/2008,3,2007,5/15/2003,4.8,4/16/2012,16-Apr-12,8.9,1,2011,14-Apr-12,2011,OT,,AS,,,No
08AS37,Asotin,150.43,F,R,3/13/2008,3,2007,5/15/2003,4.8,4/11/2015,16-Jul-15,12.2,0,2015,,,,,,,,No
08AS38,Asotin,150.56,F,R,3/13/2008,3,2007,5/15/2003,4.8,12/17/2010,17-Dec-10,7.6,1,2010,17-Dec-10,2010,PR,,,,,Yes
08AS39,Asotin,150.62,M,R,3/13/2008,3,2007,5/15/2006,1.8,9/15/2012,15-Sep-12,6.3,1,2012,20-Sep-12,2012,,,,,,No
08AS41,Asotin,151.19,F,R,3/13/2008,3,2007,5/15/2006,1.8,2/16/2012,16-Feb-12,5.8,1,2011,16-Feb-12,2011,PN,,,,,Yes
08RB44,Redbird,150.38,F,R,3/13/2008,3,2007,5/15/1992,15.8,1/31/2013,31-Jan-13,20.7,1,2012,31-Jan-13,2012,UNK,,RB,,,Yes
08RB45,Redbird,150.39,F,R,3/13/2008,3,2007,5/15/2003,4.8,4/11/2015,16-Jul-15,12.2,0,2015,,,,,,,,No
08RB46,Redbird,151.20,F,R,3/13/2008,3,2007,5/15/2003,4.8,11/30/2012,30-Nov-12,9.6,1,2012,30-Nov-12,2012,UNK,,,,,No
08RB47,Redbird,150.80,F,R,3/13/2008,3,2007,5/15/2003,4.8,1/17/2015,17-Jan-15,11.7,1,2014,17-Jan-15,2014,UNK,,,,,Yes
08RB48,Redbird,150.99,M,R,3/13/2008,3,2007,5/15/2006,1.8,5/13/2010,13-May-10,4,1,2010,21-Mar-10,2009,PPR,,RB,,,Yes
08RB49,Redbird,151.16,M,R,3/13/2008,3,2007,5/15/2002,5.8,9/14/2014,14-Sep-14,12.3,1,2014,16-Sep-14,2014,HU,,,,,No
08RB50,Redbird,151.30,M,R,3/13/2008,3,2007,5/15/2006,1.8,5/15/2010,15-May-10,4,1,2010,13-May-10,2010,,,,,,Yes
08RB76,Redbird,151.37,F,R,3/13/2008,3,2007,5/15/2003,4.8,3/24/2014,24-Mar-14,10.9,1,2013,28-Mar-14,2013,UNK,,,,,Yes
08AS34,Asotin,150.33,M,R,3/15/2008,3,2007,5/15/2006,1.8,4/11/2015,16-Jul-15,9.2,0,2015,,,,,,,,No
08AS35,Asotin,150.34,M,R,3/15/2008,3,2007,5/15/2006,1.8,9/17/2009,17-Sep-09,3.3,1,2009,,,HU,,AS,,,No
08AS40,Asotin,151.23,M,R,3/15/2008,3,2007,5/15/2004,3.8,4/28/2014,28-Apr-14,10,2,2013,,,DC,12/1/2009,,,,No
08AS42,Asotin,151.66,M,R,3/15/2008,3,2007,5/15/2003,4.8,9/15/2011,15-Sep-11,8.3,1,2011,15-Sep-11,2011,HU,,,,,No
10BC30,Big Canyon,151.72,F,R,2/8/2010,2,2009,5/15/2005,4.7,4/11/2015,16-Jul-15,10.2,0,2015,,,,,,,,No
10BC31,Big Canyon,150.61,F,R,2/8/2010,2,2009,5/15/2005,4.7,11/5/2013,05-Nov-13,8.5,1,2013,05-Nov-13,2013,UNK,,,,,No
10BC32,Big Canyon,150.55,F,R,2/8/2010,2,2009,5/15/2005,4.7,4/9/2013,09-Apr-13,7.9,1,2012,09-Apr-13,2012,UNK,,BC,,,Yes
10BC33,Big Canyon,151.43,M,R,2/8/2010,2,2009,5/15/2008,1.7,12/17/2014,17-Dec-14,6.6,2,2014,,,DC,,,,,No
10BC34,Big Canyon,150.50,M,R,2/8/2010,2,2009,5/15/2005,4.7,4/30/2014,30-Apr-14,9,2,2013,,,DC,,,,,No
10IM36,Imnaha,150.18,F,R,2/8/2010,2,2009,5/15/2001,8.7,9/4/2013,04-Sep-13,12.3,1,2013,04-Sep-13,2013,TR,,,,,Yes
10IM37,Imnaha,150.27,F,R,2/8/2010,2,2009,5/15/2005,4.7,5/18/2010,18-May-10,5,1,2010,18-May-10,2010,HU,,IM,,,No
10IM38,Imnaha,150.59,F,R,2/8/2010,2,2009,5/15/2005,4.7,4/12/2015,16-Jul-15,10.2,0,2015,,,,,,,,No
10IM39,Imnaha,151.22,F,R,2/8/2010,2,2009,5/15/2005,4.7,4/12/2015,16-Jul-15,10.2,0,2015,,,,,,,,No
10IM40,Imnaha,151.26,F,R,2/8/2010,2,2009,5/15/2005,4.7,8/9/2011,09-Aug-11,6.2,1,2011,09-Aug-11,2011,INJ,,,,,No
10IM41,Imnaha,151.04,M,R,2/8/2010,2,2009,5/15/2008,1.7,9/9/2012,09-Sep-12,4.3,1,2012,09-Sep-12,2012,HU,,,,,No
10IM42,Imnaha,151.52,M,R,2/8/2010,2,2009,5/15/2008,1.7,4/12/2015,16-Jul-15,7.2,0,2015,,,,,,,,No
10MU47,Muir,150.45,F,R,2/8/2010,2,2009,5/15/2007,2.7,4/11/2015,16-Jul-15,8.2,0,2015,,,,,,,,No
10MU48,Muir,151.51,F,R,2/8/2010,2,2009,5/15/2005,4.7,9/19/2012,19-Sep-12,7.4,1,2012,19-Sep-12,2012,UNK,,,,,No
10MU49,Muir,151.49,F,R,2/8/2010,2,2009,5/15/2005,4.7,2/10/2010,10-Feb-10,4.7,1,2009,10-Feb-10,2009,HU,,MU,,Capture,No
10MU56,Muir,150.31,M,R,2/8/2010,2,2009,5/15/2007,2.7,3/8/2013,08-Mar-13,5.8,1,2012,13-Mar-13,2012,,,,,,Yes
10MU57,Muir,151.74,M,R,2/8/2010,2,2009,5/15/2004,5.7,4/11/2015,16-Jul-15,11.2,0,2015,,,,,,,,No
10MY26,Myers,151.86,F,R,2/9/2010,2,2009,5/15/2006,3.7,4/20/2013,20-Apr-13,6.9,1,2012,20-Apr-13,2012,INJ,,MY,,,Yes
10MY30,Myers,150.34,M,R,2/9/2010,2,2009,5/15/2008,1.7,1/4/2012,04-Jan-12,3.6,2,2011,,,DC,,MY,,Collar last heard 12/21/2011,No
10MY32,Myers,151.98,F,R,2/9/2010,2,2009,5/15/2005,4.7,4/24/2011,24-Apr-11,5.9,1,2010,24-Apr-11,2010,TR,,,,,Yes
10MY59,Myers,150.22,F,R,2/9/2010,2,2009,5/15/2006,3.7,4/11/2015,16-Jul-15,9.2,0,2015,,,,,,,,No
10UI27,UHC-ID,151.13,F,R,2/9/2010,2,2009,5/15/1997,12.7,11/26/2010,26-Nov-10,13.5,1,2010,24-Nov-10,2010,INJ,,UHCID,,,Yes
10UI28,UHC-ID,150.84,F,R,2/9/2010,2,2009,5/15/2007,2.7,5/26/2011,26-May-11,4,1,2011,26-May-11,2011,UNK,,,,,Yes
10UI31,UHC-ID,150.53,M,R,2/9/2010,2,2009,5/15/2008,1.7,11/29/2010,29-Nov-10,2.5,1,2010,29-Nov-10,2010,INJ,,UHCID,,,No
10UI35,UHC-ID,151.46,M,R,2/9/2010,2,2009,5/15/2004,5.7,9/19/2013,19-Sep-13,9.4,1,2013,29-Sep-13,2013,UNK,,,,,No
10UO50,UHC-OR,150.57,F,R,2/9/2010,2,2009,5/15/2005,4.7,10/5/2014,05-Oct-14,9.4,1,2014,,,UNK,,,,,No
10UO51,UHC-OR,151.19,F,R,2/9/2010,2,2009,5/15/2005,4.7,10/5/2014,05-Oct-14,9.4,1,2014,,,UNK,,,,,No
10UO52,UHC-OR,151.90,M,R,2/9/2010,2,2009,5/15/2007,2.7,9/5/2012,05-Sep-12,5.3,1,2012,05-Sep-12,2012,UNK,,,,,No
10UO53,UHC-OR,150.49,M,R,2/9/2010,2,2009,5/14/2007,2.7,7/2/2010,02-Jul-10,3.1,1,2010,02-Jul-10,2010,UNK,,UHCOR,,,No
10MV25,Mountain View,151.58,F,R,2/10/2010,2,2009,5/15/2005,4.7,4/11/2015,16-Jul-15,10.2,0,2015,,,,,,,,No
10MV26,Mountain View,151.61,F,R,2/10/2010,2,2009,5/15/2005,4.7,4/11/2015,16-Jul-15,10.2,0,2015,,,,,,,,No
10MV27,Mountain View,151.41,F,R,2/10/2010,2,2009,5/15/2005,4.7,4/11/2015,16-Jul-15,10.2,0,2015,,,,,,,,No
10MV29,Mountain View,151.45,F,R,2/10/2010,2,2009,5/15/2005,4.7,4/11/2015,16-Jul-15,10.2,0,2015,,,,,,,,No
10MV36,Mountain View,150.94,M,R,2/10/2010,2,2009,5/15/2008,1.7,8/17/2011,17-Aug-11,3.3,2,2011,,,DRC,8/8/2011,,,,No
10MV58,Mountain View,151.23,M,R,2/10/2010,2,2009,5/15/2008,1.7,11/30/2012,30-Nov-12,4.5,2,2012,,,DRC,8/8/2011,,,,No
10WE10,Wenaha,151.36,F,R,2/10/2010,2,2009,5/15/2006,3.7,4/11/2015,16-Jul-15,9.2,0,2015,,,,,,,,No
10WE11,Wenaha,151.37,F,R,2/10/2010,2,2009,5/15/2005,4.7,4/29/2012,29-Apr-12,7,1,2011,29-Apr-12,2011,,,,,,Yes
10WE12,Wenaha,151.35,F,R,2/10/2010,2,2009,5/15/2005,4.7,6/18/2014,18-Jun-14,9.1,1,2014,18-Jun-14,2014,UNK,,,,,No
10WE13,Wenaha,151.27,F,R,2/10/2010,2,2009,5/15/2006,3.7,4/11/2015,16-Jul-15,9.2,0,2015,,,,,,,,No
10WE14,Wenaha,150.77,F,R,2/10/2010,2,2009,5/15/2005,4.7,4/12/2015,16-Jul-15,10.2,0,2015,,,,,,,,No
10WE15,Wenaha,150.48,F,R,2/10/2010,2,2009,5/15/2005,4.7,4/12/2015,16-Jul-15,10.2,0,2015,,,,,,,,No
10WE16,Wenaha,150.37,F,R,2/10/2010,2,2009,5/15/2005,4.7,4/12/2015,16-Jul-15,10.2,0,2015,,,,,,,,No
10WE18,Wenaha,151.88,F,R,2/10/2010,2,2009,5/15/2005,4.7,3/21/2013,21-Mar-13,7.9,2,2012,,,DC,,,,Dropped satellite collar,No
10WE19,Wenaha,151.48,M,R,2/10/2010,2,2009,5/15/2008,1.7,10/19/2012,19-Oct-12,4.4,2,2012,,,DC,,,,Collar last heard 11/19/12,No
10WE20,Wenaha,151.76,F,R,2/10/2010,2,2009,5/15/2005,4.7,6/5/2013,05-Jun-13,8.1,2,2013,,,DC,,,,Dropped satellite collar,No
10WE21,Wenaha,151.88,M,R,2/10/2010,2,2009,5/15/2005,4.7,10/21/2013,21-Oct-13,8.4,2,2013,,,DC,,,,Collar last heard 10/21/13,No
10WE22,Wenaha,151.94,M,R,2/10/2010,2,2009,5/15/2006,3.7,3/16/2014,16-Mar-14,7.8,2,2013,,,DC,,,,,No
10WE23,Wenaha,151.90,M,R,2/10/2010,2,2009,5/15/2008,1.7,4/13/2010,13-Apr-10,1.9,1,2009,13-Apr-10,2009,UNK,,WE,,,No
10WE24,Wenaha,151.96,M,R,2/10/2010,2,2009,5/15/2005,4.7,3/21/2013,21-Mar-13,7.9,2,2012,,,DC,,,,Collar last heard 11/15/2012,No
10WE28,Wenaha,151.29,F,R,2/10/2010,2,2009,5/15/2005,4.7,4/12/2015,16-Jul-15,10.2,0,2015,,,,,,,,No
10IM43,Imnaha,151.46,M,R,2/12/2010,2,2009,5/15/2005,4.8,9/16/2011,16-Sep-11,6.3,1,2011,16-Sep-11,2011,HU,,,,Harvest,No
10IM44,Imnaha,151.32,F,R,2/12/2010,2,2009,5/15/2008,1.7,4/12/2015,16-Jul-15,7.2,0,2015,,,,,,,,No
10IM45,Imnaha,151.80,F,R,2/12/2010,2,2009,5/15/2005,4.8,4/12/2015,16-Jul-15,10.2,0,2015,,,,,,,,No
10IM55,Imnaha,151.38,M,R,2/12/2010,2,2009,5/15/2006,3.8,9/15/2011,15-Sep-11,5.3,1,2011,15-Sep-11,2011,HU,,,,Harvest,No
10IM17,Imnaha,150.25,F,R,2/13/2010,2,2009,5/15/2008,1.8,4/5/2013,05-Apr-13,4.9,1,2012,08-Apr-13,2012,INJ,,,,,No
10IM33,Imnaha,151.60,M,R,2/13/2010,2,2009,5/15/2006,3.8,11/13/2013,13-Nov-13,7.5,2,2013,,,DC,,,,Collar last heard 11/13/2013,No
10IM46,Imnaha,151.55,F,R,2/13/2010,2,2009,5/15/2005,4.8,5/11/2012,11-May-12,7,1,2012,11-May-12,2012,PR,,,,,Yes
10LO23,Lostine,150.27,M,R,3/15/2010,3,2009,5/15/2006,3.8,1/13/2013,13-Jan-13,6.7,1,2012,13-Jan-13,2012,UNK,,,,,No
10LO33,Lostine,151.49,F,R,3/15/2010,3,2009,5/15/2006,3.8,4/12/2015,16-Jul-15,9.2,0,2015,,,,,,,,No
11LO37,Lostine,151.93,M,R,2/2/2011,2,2010,5/15/2009,1.7,4/12/2015,16-Jul-15,6.2,0,2015,,,,,,,,No
11LO40,Lostine,150.56,F,R,2/2/2011,2,2010,5/15/2006,4.7,4/11/2015,16-Jul-15,9.2,0,2015,,,,,,,,No
11LO44,Lostine,151.30,F,R,2/2/2011,2,2010,5/15/2006,4.7,4/11/2015,16-Jul-15,9.2,0,2015,,,,,,,,No
11AS06,Asotin,151.90,M,R,2/5/2011,2,2010,5/15/2009,1.7,11/26/2014,26-Nov-14,5.5,1,2014,16-Nov-14,2014,HU,,,,,No
11AS07,Asotin,150.01,F,R,2/5/2011,2,2010,5/15/2006,4.7,2/26/2014,26-Feb-14,7.8,1,2013,26-Feb-14,2013,HU,2/26/2014,,,Euthanized after capture injury,No
11AS08,Asotin,150.07,F,R,2/5/2011,2,2010,5/15/2006,4.7,2/10/2012,10-Feb-12,5.7,1,2011,10-Feb-12,2011,PR,,,,,No
11AS09,Asotin,150.15,F,R,2/5/2011,2,2010,5/15/2007,3.7,4/11/2015,16-Jul-15,8.2,0,2015,,,,,,,,No
11AS10,Asotin,151.60,F,R,2/5/2011,2,2010,5/15/2009,1.7,4/11/2015,16-Jul-15,6.2,0,2015,,,,,,,,No
11AS11,Asotin,150.65,F,R,2/5/2011,2,2010,5/15/2007,3.7,2/19/2015,19-Feb-15,7.8,1,2014,19-Feb-15,2014,PPR,,,,,No
11AS12,Asotin,150.32,F,R,2/5/2011,2,2010,5/15/2006,4.7,4/11/2015,16-Jul-15,9.2,0,2015,,,,,,,,No
11AS13,Asotin,150.26,F,R,2/5/2011,2,2010,5/15/2006,4.7,2/26/2014,26-Feb-14,7.8,2,2013,,,Transferred to SDSU,,,,,No
11AS14,Asotin,149.85,F,R,2/5/2011,2,2010,5/15/2006,4.7,4/11/2015,16-Jul-15,9.2,0,2015,,,,,,,Collar 150.509 replaced with 149.849 10/5/12,No
11LH11,LowerHellsCanyon,150.50,M,R,11/28/2011,11,2011,5/15/2007,4.5,4/22/2012,22-Apr-12,4.9,1,2011,22-Apr-12,2011,INJ,,,,,Yes
11LH12,LowerHellsCanyon,150.92,M,R,11/28/2011,11,2011,5/15/2005,6.5,11/8/2012,08-Nov-12,7.5,1,2012,10-Nov-12,2012,INJ,,,,,No
11LH13,LowerHellsCanyon,150.13,F,R,11/28/2011,11,2011,5/15/2007,4.5,4/12/2015,16-Jul-15,8.2,0,2015,,,,,,,,No
11RB01,Redbird,151.51,M,R,11/28/2011,11,2011,5/15/2010,1.5,4/12/2015,16-Jul-15,5.2,0,2015,,,,,,,,No
11RB02,Redbird,151.12,M,R,11/28/2011,11,2011,5/15/2007,4.5,9/12/2012,12-Sep-12,5.3,1,2012,12-Sep-12,2012,UNK,,,,,No
11RB06,Redbird,151.45,F,R,11/28/2011,11,2011,5/15/2007,4.5,4/11/2015,16-Jul-15,8.2,0,2015,,,,,,,,No
11RB07,Redbird,151.49,F,R,11/28/2011,11,2011,5/15/2007,4.5,4/11/2015,16-Jul-15,8.2,0,2015,,,,,,,,No
11RB08,Redbird,151.30,F,R,11/28/2011,11,2011,5/15/2007,4.5,4/11/2015,16-Jul-15,8.2,0,2015,,,,,,,,No
11RB09,Redbird,151.93,F,R,11/28/2011,11,2011,5/15/2007,4.5,4/11/2015,16-Jul-15,8.2,0,2015,,,,,,,,No
11RB10,Redbird,151.97,F,R,11/28/2011,11,2011,5/15/2007,4.5,4/11/2015,16-Jul-15,8.2,0,2015,,,,,,,,No
11BB22,Black Butte,151.54,M,R,11/29/2011,11,2011,5/15/2006,5.5,12/25/2011,25-Dec-11,5.6,1,2011,25-Dec-11,2011,,,,NA,,No
11BB24,Black Butte,151.61,M,R,11/29/2011,11,2011,5/15/2007,4.5,11/16/2013,16-Nov-13,6.5,1,2013,16-Nov-13,2013,HU,,,NA,,No
11BB25,Black Butte,151.76,M,R,11/29/2011,11,2011,5/15/2005,6.5,2/5/2014,05-Feb-14,8.7,1,2013,22-Feb-14,2013,UNK,,,NA,,No
11BB35,Black Butte,151.66,F,R,11/29/2011,11,2011,5/15/2007,4.5,4/11/2015,16-Jul-15,8.2,0,2015,,,,,,Shumaker,,No
11BB45,Black Butte,151.91,F,R,11/29/2011,11,2011,5/15/2007,4.5,4/11/2015,16-Jul-15,8.2,0,2015,,,,,,Shumaker,,No
11BB48,Black Butte,150.63,F,R,11/29/2011,11,2011,5/15/2007,4.5,4/11/2015,16-Jul-15,8.2,0,2015,,,,,,Shumaker,,No
11BB50,Black Butte,151.95,F,R,11/29/2011,11,2011,5/15/2007,4.5,4/11/2015,16-Jul-15,8.2,0,2015,,,,,,Shumaker,,No
11LH14,LowerHellsCanyon,150.27,F,R,11/29/2011,11,2011,5/15/2007,4.5,4/11/2015,16-Jul-15,8.2,0,2015,,,,,,,,No
11LH15,LowerHellsCanyon,150.36,F,R,11/29/2011,11,2011,5/15/2007,4.5,4/11/2015,16-Jul-15,8.2,0,2015,,,,,,,,No
11LH16,LowerHellsCanyon,150.51,F,R,11/29/2011,11,2011,5/15/2010,1.5,4/11/2015,16-Jul-15,5.2,0,2015,,,,,,,,No
11LH17,LowerHellsCanyon,151.08,F,R,11/29/2011,11,2011,5/15/2007,4.5,8/22/2012,22-Aug-12,5.3,1,2012,22-Aug-12,2012,INJ,,,,died at the time of Cache Cr. burn,Yes
11LH18,LowerHellsCanyon,151.09,F,R,11/29/2011,11,2011,5/15/2009,2.5,4/11/2015,16-Jul-15,6.2,0,2015,,,,,,,,No
11LH20,LowerHellsCanyon,151.81,F,R,11/29/2011,11,2011,5/15/2008,3.5,8/10/2012,10-Aug-12,4.2,1,2012,10-Aug-12,2012,,,,,,No
11LK26,DowneySaddle,150.14,F,T,11/30/2011,11,2011,5/15/2007,4.5,2/14/2012,14-Feb-12,4.8,1,2011,13-Feb-12,2011,PN,,,,,No
11LK27,DowneySaddle,150.28,F,T,11/30/2011,11,2011,5/15/2008,3.5,10/1/2014,01-Oct-14,6.4,2,2014,,,DC,,,,Collar died   6/2013,No
11LK28,DowneySaddle,150.44,M,T,11/30/2011,11,2011,5/15/2010,1.5,2/14/2012,14-Feb-12,1.8,1,2011,15-Feb-12,2011,PN,,,,,No
11LK29,DowneySaddle,150.86,M,T,11/30/2011,11,2011,5/15/2010,1.5,4/11/2015,16-Jul-15,5.2,0,2015,,,,,,,,No
11LK30,DowneySaddle,150.95,F,T,11/30/2011,11,2011,5/15/2007,4.5,2/12/2012,12-Feb-12,4.8,1,2011,10-Feb-12,2011,PN,,,,,No
11LK31,DowneySaddle,150.99,F,T,11/30/2011,11,2011,5/15/2007,4.5,4/11/2015,16-Jul-15,8.2,0,2015,,,,,,,,No
11LK32,DowneySaddle,151.02,F,T,11/30/2011,11,2011,5/15/2007,4.5,4/11/2015,16-Jul-15,8.2,0,2015,,,,,,,,No
11LK33,DowneySaddle,149.80,F,T,11/30/2011,11,2011,5/15/2007,4.5,11/11/2012,11-Nov-12,5.5,1,2012,11-Nov-12,2012,UNK,,,,,Yes
11LK34,DowneySaddle,149.82,F,T,11/30/2011,11,2011,5/15/2007,4.5,10/10/2012,10-Oct-12,5.4,1,2012,10-Oct-12,2012,UNK,,,,,No
11LK35,DowneySaddle,149.85,F,T,11/30/2011,11,2011,5/15/2009,2.5,5/6/2012,06-May-12,3,1,2012,06-May-12,2012,UNK,,,,,Yes
11LK36,DowneySaddle,151.89,F,T,11/30/2011,11,2011,5/15/2008,3.5,10/8/2014,08-Oct-14,6.4,2,2014,,,HU,,,,transferred to SDSU,No
11LK37,DowneySaddle,151.99,F,T,11/30/2011,11,2011,5/15/2007,4.5,4/12/2015,16-Jul-15,8.2,0,2015,,,,,,,,No
12AS03,Asotin,151.39,F,R,10/4/2012,10,2012,5/15/2008,4.4,4/11/2015,16-Jul-15,7.2,0,2015,,,,,,,Collar 151.983 replaced with 151.389 2/26/14,No
12AS16,Asotin,151.39,F,R,10/4/2012,10,2012,5/15/2008,4.4,2/26/2014,26-Feb-14,5.8,2,2013,,,Transferred to SDSU,,,,,No
12AS19,Asotin,151.44,M,R,10/4/2012,10,2012,5/15/2009,3.4,4/11/2015,16-Jul-15,6.2,0,2015,,,,,,,,No
12AS20,Asotin,151.12,M,R,10/4/2012,10,2012,5/15/2009,3.4,4/11/2015,16-Jul-15,6.2,0,2015,,,,,,,,No
12AS21,Asotin,151.48,M,R,10/4/2012,10,2012,5/15/2008,4.4,4/11/2015,16-Jul-15,7.2,0,2015,,,,,,,,No
12AS22,Asotin,150.08,M,R,10/4/2012,10,2012,5/15/2010,2.4,4/11/2015,16-Jul-15,5.2,0,2015,,,,,,,Originally 151.974,No
12AS23,Asotin,151.88,M,R,10/4/2012,10,2012,5/15/2009,3.4,4/11/2015,16-Jul-15,6.2,0,2015,,,,,,,,No
12AS24,Asotin,151.06,M,R,10/4/2012,10,2012,5/15/2008,4.4,12/3/2013,03-Dec-13,5.6,1,2013,01-Dec-13,2013,HU,,,,,No
12AS34,Asotin,151.92,M,R,10/4/2012,10,2012,5/15/2008,4.4,9/27/2014,27-Sep-14,6.4,1,2014,27-Sep-14,2014,HU,,,,hunter harvest,No
12LO46,Lostine,150.66,F,R,12/13/2012,12,2012,5/15/2008,4.6,4/12/2015,16-Jul-15,7.2,0,2015,,,,,,,Non-functional collar 150.660 removed and replaced with 151.440 1/27/2014.,No
12LO52,Lostine,150.85,M,R,12/13/2012,12,2012,5/15/2011,1.6,9/17/2014,17-Sep-14,3.3,1,2014,17-Sep-14,2014,HU,,,,Hunter harvest,No
12LO56,Lostine,149.80,F,R,12/13/2012,12,2012,5/15/2008,4.6,2/26/2014,26-Feb-14,5.8,2,2013,,,Transferred to SDSU,,,,,No
12LO27,Lostine,,M,R,12/31/2012,12,2012,5/15/2012,0.6,4/12/2015,16-Jul-15,3.2,0,2015,,,,,,,,No
12LO38,Lostine,,F,R,12/31/2012,12,2012,5/15/2008,4.6,4/12/2015,16-Jul-15,7.2,0,2015,,,,,,,,No
12LO75,Lostine,151.88,F,R,12/31/2012,12,2012,5/15/2008,4.6,4/12/2015,16-Jul-15,7.2,0,2015,,,,,,,,No
12LO76,Lostine,,M,R,12/31/2012,12,2012,5/15/2012,0.6,7/2/2013,02-Jul-13,1.1,2,2013,,,DC,,LO,,No collar,No
13LO78,Lostine,,M,R,1/31/2013,1,2012,5/15/2011,1.7,4/12/2015,16-Jul-15,4.2,0,2015,,,,,,,,No
13LO79,Lostine,,M,R,1/31/2013,1,2012,5/15/2012,0.7,4/12/2015,16-Jul-15,3.2,0,2015,,,,,,,,No
13LO80,Lostine,,M,R,2/19/2013,2,2012,5/15/2011,1.8,4/12/2015,16-Jul-15,4.2,0,2015,,,,,,,,No
13LO82,Lostine,,F,R,3/26/2013,3,2012,5/15/2011,1.9,4/12/2015,16-Jul-15,4.2,0,2015,,,,,,,,No
15BB35,Black Butte,,M,R,6/18/2015,6,2015,5/15/2014,1.1,6/18/2015,16-Jul-15,1.2,0,2015,,,,,,,,No
13LO00,Lostine,,F,R,11/21/2013,11,2013,5/15/2013,0.5,4/30/2014,30-Apr-14,1,2,2013,,,DC,,,,No Collar,No
13LO01,Lostine,151.88,F,R,11/21/2013,11,2013,5/15/2009,4.5,4/12/2015,16-Jul-15,6.2,0,2015,,,,,,,,No
13AS05,Asotin,150.36,F,R,11/29/2013,11,2013,5/15/2009,4.5,4/11/2015,16-Jul-15,6.2,0,2015,,,,,,,,No
13LO84,Lostine,,M,R,12/4/2013,12,2013,5/15/2013,0.6,4/12/2015,16-Jul-15,2.2,0,2015,,,,,,,,No
13LO02,Lostine,,F,R,12/11/2013,12,2013,5/15/2009,4.6,4/12/2015,16-Jul-15,6.2,0,2015,,,,,,,,No
13LO04,Lostine,151.63,F,R,12/11/2013,12,2013,5/15/2013,0.6,4/12/2015,16-Jul-15,2.2,0,2015,,,,,,,,No
13AS19,Asotin,151.81,F,R,12/19/2013,12,2013,5/15/2009,4.6,2/26/2014,26-Feb-14,4.8,2,2013,,,HU,,,,Transferred to SDSU,No
13LO11,Lostine,,F,R,12/19/2013,12,2013,5/15/2013,0.6,4/12/2015,16-Jul-15,2.2,0,2015,,,,,,,,No
13AS04,Asotin,151.85,F,R,12/30/2013,12,2013,5/15/2009,4.6,4/11/2015,16-Jul-15,6.2,0,2015,,,,,,,,No
14LO91,Lostine,,F,R,2/4/2014,2,2013,5/15/2010,3.7,4/12/2015,16-Jul-15,5.2,0,2015,,,,,,,,No
14AS01,Asotin,150.02,F,R,2/25/2014,2,2013,5/15/2011,2.8,4/11/2015,16-Jul-15,4.2,0,2015,,,,,,,,No
14AS08,Asotin,150.18,F,R,2/25/2014,2,2013,5/15/2009,4.8,4/11/2015,16-Jul-15,6.2,0,2015,,,,,,,,No
14AS16,Asotin,150.07,M,R,2/25/2014,2,2013,5/15/2012,1.8,8/27/2014,27-Aug-14,2.3,1,2014,27-Aug-14,2014,UNK,,,,,Yes
14AS22,Asotin,151.36,F,R,2/25/2014,2,2013,5/15/2009,4.8,1/14/2015,14-Jan-15,5.7,2,2014,,,Transferred to SDSU,,,,,No
14AS25,Asotin,151.22,F,R,2/25/2014,2,2013,5/15/2009,4.8,4/11/2015,16-Jul-15,6.2,0,2015,,,,,,,,No
14AS43,Asotin,150.19,F,R,2/25/2014,2,2013,5/15/2009,4.8,3/2/2015,02-Mar-15,5.8,1,2014,02-Mar-15,2014,PR,,,,,No
14AS44,Asotin,151.21,F,R,2/25/2014,2,2013,5/15/2009,4.8,3/15/2015,15-Mar-15,5.8,1,2014,13-Mar-15,2014,PR,,,,,No
14AS47,Asotin,151.23,F,R,2/25/2014,2,2013,5/15/2009,4.8,5/20/2014,20-May-14,5,1,2014,20-May-14,2014,INJ,,,,,Yes
14BB02,Black Butte,150.97,F,R,2/27/2014,2,2013,5/15/2009,4.8,8/3/2014,03-Aug-14,5.2,1,2014,03-Aug-14,2014,PN,,,HellerBar,,No
14BB03,Black Butte,150.82,F,R,2/27/2014,2,2013,5/15/2009,4.8,10/8/2014,08-Oct-14,5.4,2,2014,,,Transferred to SDSU,,,HellerBar,,No
14BB04,Black Butte,151.44,F,R,2/27/2014,2,2013,5/15/2009,4.8,7/27/2014,27-Jul-14,5.2,1,2014,27-Jul-14,2014,PN,,,HellerBar,,No
14BB05,Black Butte,151.48,F,R,2/27/2014,2,2013,5/15/2005,8.8,5/16/2014,16-May-14,9,1,2014,16-May-14,2014,INJ,,,HellerBar,,Yes
14BB07,Black Butte,151.29,F,R,2/27/2014,2,2013,5/15/2009,4.8,10/8/2014,08-Oct-14,5.4,2,2014,,,Transferred to SDSU,,,HellerBar,,No
14BB09,Black Butte,150.41,F,R,2/27/2014,2,2013,5/15/2009,4.8,6/26/2014,26-Jun-14,5.1,1,2014,26-Jun-14,2014,PN,,,,Moved to SDSU,No
14BB17,Black Butte,151.28,F,R,2/27/2014,2,2013,5/15/2009,4.8,10/8/2014,08-Oct-14,5.4,2,2014,,,Transferred to SDSU,,,HellerBar,,No
14LO81,Lostine,150.26,F,R,3/12/2014,3,2013,5/15/2011,2.8,4/12/2015,16-Jul-15,4.2,0,2015,,,,,,,,No
14LO83,Lostine,151.37,F,R,3/12/2014,3,2013,5/15/2011,2.8,4/12/2015,16-Jul-15,4.2,0,2015,,,,,,,,No
14BB53,Black Butte,151.23,F,R,7/3/2014,7,2014,5/15/2009,5.1,10/8/2014,08-Oct-14,5.4,2,2014,,,HU,,SDSU,HellerBar,Moved toSDSU,No
14BB22,Black Butte,,F,R,10/8/2014,10,2014,5/15/2008,6.4,1/14/2015,14-Jan-15,6.7,2,2014,,,HU,,SDSU,,moved to captivity SDSU,No
14LO05,Lostine,,F,R,10/17/2014,10,2014,5/15/2010,4.4,4/12/2015,16-Jul-15,5.2,0,2015,,,,,,,,No
14LO28,Lostine,,F,R,10/17/2014,10,2014,5/15/2014,0.4,4/12/2015,16-Jul-15,1.2,0,2015,,,,,,,,No
14LO31,Lostine,,F,R,10/17/2014,10,2014,5/15/2014,0.4,4/12/2015,16-Jul-15,1.2,0,2015,,,,,,,,No
14LO36,Lostine,,F,R,10/17/2014,10,2014,5/15/2010,4.4,4/12/2015,16-Jul-15,5.2,0,2015,,,,,,,,No
14AS49,Asotin,151.25,F,R,10/22/2014,10,2014,5/15/2010,4.4,4/11/2015,16-Jul-15,5.2,0,2015,,,,,,,,No
14AS48,Asotin,151.81,F,R,10/24/2014,10,2014,5/15/2010,4.4,4/11/2015,16-Jul-15,5.2,0,2015,,,,,,,,No
14AS52,Asotin,151.86,F,R,10/28/2014,10,2014,5/15/2008,6.5,4/6/2015,06-Apr-15,6.9,1,2014,06-Apr-15,2014,PR,,,,,No
14AS58,Asotin,150.44,F,R,11/18/2014,11,2014,5/15/2012,2.5,4/11/2015,16-Jul-15,3.2,0,2015,,,,,,,,No
14AS50,Asotin,151.36,F,R,12/2/2014,12,2014,5/15/2010,4.6,4/11/2015,16-Jul-15,5.2,0,2015,,,,,,,,No
14AS19,Asotin,151.92,F,R,12/4/2014,12,2014,5/15/2013,1.6,4/11/2015,16-Jul-15,2.2,0,2015,,,,,,,,No
14IM05,Imnaha,151.83,M,R,12/7/2014,12,2014,5/15/2009,5.6,1/12/2015,12-Jan-15,5.7,1,2014,12-Jan-15,2014,UNK,,,,,No
14IM07,Imnaha,151.90,F,R,12/7/2014,12,2014,5/15/2012,2.6,4/11/2015,16-Jul-15,3.2,0,2015,,,,,,,,No
14IM18,Imnaha,151.50,F,R,12/7/2014,12,2014,5/15/2010,4.6,4/11/2015,16-Jul-15,5.2,0,2015,,,,,,,,No
14IM19,Imnaha,149.80,F,R,12/7/2014,12,2014,5/15/2013,1.6,4/11/2015,16-Jul-15,2.2,0,2015,,,,,,,,No
14IM22,Imnaha,151.77,F,R,12/7/2014,12,2014,5/15/2009,5.6,4/11/2015,16-Jul-15,6.2,0,2015,,,,,,,,No
14IM32,Imnaha,151.48,F,R,12/7/2014,12,2014,5/15/2011,3.6,4/11/2015,16-Jul-15,4.2,0,2015,,,,,,,,No
14IM35,Imnaha,151.60,M,R,12/7/2014,12,2014,5/15/2009,5.6,4/11/2015,16-Jul-15,6.2,0,2015,,,,,,,,No
14IM40,Imnaha,151.53,F,R,12/7/2014,12,2014,5/15/2012,2.6,4/11/2015,16-Jul-15,3.2,0,2015,,,,,,,,No
14IM46,Imnaha,151.55,F,R,12/7/2014,12,2014,5/15/2010,4.6,4/11/2015,16-Jul-15,5.2,0,2015,,,,,,,,No
14IM53,Imnaha,151.46,F,R,12/7/2014,12,2014,5/15/2010,4.6,4/11/2015,16-Jul-15,5.2,0,2015,,,,,,,,No
14IM56,Imnaha,151.86,F,R,12/7/2014,12,2014,5/15/2009,5.6,4/11/2015,16-Jul-15,6.2,0,2015,,,,,,,,No
14IM62,Imnaha,151.54,F,R,12/7/2014,12,2014,5/15/2012,2.6,4/11/2015,16-Jul-15,3.2,0,2015,,,,,,,,No
14IM74,Imnaha,151.47,M,R,12/7/2014,12,2014,5/15/2006,8.6,1/2/2015,02-Jan-15,8.6,1,2014,02-Jan-15,2014,UNK,,,,,No
14LO51,Lostine,151.68,F,R,12/16/2014,12,2014,5/15/2010,4.6,4/12/2015,16-Jul-15,5.2,0,2015,,,,,,,,No
14LO55,Lostine,,F,R,12/30/2014,12,2014,5/15/2013,1.6,4/12/2015,16-Jul-15,2.2,0,2015,,,,,,,,No
14LO08,Lostine,,F,R,12/31/2014,12,2014,5/15/2014,0.6,4/12/2015,16-Jul-15,1.2,0,2015,,,,,,,,No
15AS11,Asotin,150.49,M,R,1/14/2015,1,2014,5/15/2010,4.7,4/11/2015,16-Jul-15,5.2,0,2015,,,,,,,,No
15AS12,Asotin,151.18,F,R,1/14/2015,1,2014,5/15/2013,1.7,4/11/2015,16-Jul-15,2.2,0,2015,,,,,,,,No
15AS13,Asotin,150.97,F,R,1/14/2015,1,2014,5/15/2004,10.7,1/16/2015,16-Jan-15,10.7,1,2014,16-Jan-15,2014,HU,,,,,Yes
15LO06,Lostine,151.61,F,R,1/21/2015,1,2014,5/15/2010,4.7,4/11/2015,16-Jul-15,5.2,0,2015,,,,,,,,No
15LO13,Lostine,,M,R,1/21/2015,1,2014,5/15/2014,0.7,4/11/2015,16-Jul-15,1.2,0,2015,,,,,,,,No
15LO54,Lostine,,F,R,1/21/2015,1,2014,5/15/2014,0.7,4/11/2015,16-Jul-15,1.2,0,2015,,,,,,,,No
15LO07,Lostine,,F,R,1/29/2015,1,2014,5/15/2013,1.7,4/11/2015,16-Jul-15,2.2,0,2015,,,,,,,,No
15LO25,Lostine,,M,R,1/29/2015,1,2014,5/15/2013,1.7,4/11/2015,16-Jul-15,2.2,0,2015,,,,,,,,No
15LO52,Lostine,,M,R,1/29/2015,1,2014,5/15/2012,2.7,4/11/2015,16-Jul-15,3.2,0,2015,,,,,,,,No
15LO64,Lostine,,M,R,1/29/2015,1,2014,5/15/2013,1.7,4/11/2015,16-Jul-15,2.2,0,2015,,,,,,,,No
15BB01,Black Butte,150.26,F,R,2/4/2015,2,2014,5/15/2010,4.7,4/11/2015,16-Jul-15,5.2,0,2015,,,,,,,,No
15BB25,Black Butte,151.55,F,R,2/4/2015,2,2014,5/15/2010,4.7,4/11/2015,16-Jul-15,5.2,0,2015,,,,,,,,No
15BB66,Black Butte,150.81,F,R,2/4/2015,2,2014,5/15/2010,4.7,4/11/2015,16-Jul-15,5.2,0,2015,,,,,,,,No
15BB68,Black Butte,151.54,F,R,2/4/2015,2,2014,5/15/2010,4.7,4/11/2015,16-Jul-15,5.2,0,2015,,,,,,,,No
15BB69,Black Butte,150.68,F,R,2/4/2015,2,2014,5/15/2010,4.7,4/11/2015,16-Jul-15,5.2,0,2015,,,,,,,,No
15MV14,Mountain View,,F,R,2/4/2015,2,2014,5/15/2014,0.7,4/11/2015,16-Jul-15,1.2,0,2015,,,,,,,,No
15MV30,Mountain View,150.74,F,R,2/4/2015,2,2014,5/15/2010,4.7,4/11/2015,16-Jul-15,5.2,0,2015,,,,,,,,No
15MV31,Mountain View,150.66,F,R,2/4/2015,2,2014,5/15/2010,4.7,2/8/2015,08-Feb-15,4.7,1,2014,09-Feb-15,2014,PN,,,,,No
15MV32,Mountain View,150.78,F,R,2/4/2015,2,2014,5/15/2010,4.7,4/11/2015,16-Jul-15,5.2,0,2015,,,,,,,,No
15MV46,Mountain View,151.47,F,R,2/4/2015,2,2014,5/15/2010,4.7,4/11/2015,16-Jul-15,5.2,0,2015,,,,,,,,No
15MV47,Mountain View,150.23,F,R,2/4/2015,2,2014,5/15/2010,4.7,4/11/2015,16-Jul-15,5.2,0,2015,,,,,,,,No
15MV48,Mountain View,151.16,F,R,2/4/2015,2,2014,5/15/2010,4.7,4/11/2015,16-Jul-15,5.2,0,2015,,,,,,,,No
15MV60,Mountain View,150.55,F,R,2/4/2015,2,2014,5/15/2010,4.7,4/11/2015,16-Jul-15,5.2,0,2015,,,,,,,,No
15MV61,Mountain View,151.25,F,R,2/4/2015,2,2014,5/15/2013,1.7,4/11/2015,16-Jul-15,2.2,0,2015,,,,,,,,No
15MV62,Mountain View,151.21,F,R,2/4/2015,2,2014,5/15/2010,4.7,4/11/2015,16-Jul-15,5.2,0,2015,,,,,,,,No
15BC06,Big Canyon,151.57,F,R,2/5/2015,2,2014,5/15/2010,4.7,4/11/2015,16-Jul-15,5.2,0,2015,,,,,,,,No
15BC33,Big Canyon,150.57,F,R,2/5/2015,2,2014,5/15/2010,4.7,4/11/2015,16-Jul-15,5.2,0,2015,,,,,,,,No
15BC37,Big Canyon,151.53,F,R,2/5/2015,2,2014,5/15/2010,4.7,4/11/2015,16-Jul-15,5.2,0,2015,,,,,,,,No
15BC39,Big Canyon,151.59,F,R,2/5/2015,2,2014,5/15/2010,4.7,4/11/2015,16-Jul-15,5.2,0,2015,,,,,,,,No
15BC45,Big Canyon,150.46,F,R,2/5/2015,2,2014,5/15/2010,4.7,4/11/2015,16-Jul-15,5.2,0,2015,,,,,,,,No
15BC90,Big Canyon,151.08,F,R,2/5/2015,2,2014,5/15/2010,4.7,4/11/2015,16-Jul-15,5.2,0,2015,,,,,,,,No
15LO63,Lostine,150.23,F,R,2/12/2015,2,2014,5/15/2013,1.7,4/11/2015,16-Jul-15,2.2,0,2015,,,,,,,,No
15LO15,Lostine,,F,R,2/25/2015,2,2014,5/15/2014,0.8,4/11/2015,16-Jul-15,1.2,0,2015,,,,,,,,No
15LO16,Lostine,,F,R,2/25/2015,2,2014,5/15/2014,0.8,4/11/2015,16-Jul-15,1.2,0,2015,,,,,,,,No
15LO21,Lostine,,M,R,2/25/2015,2,2014,5/15/2013,1.8,4/11/2015,16-Jul-15,2.2,0,2015,,,,,,,,No
15LO10,Lostine,,F,R,4/9/2015,4,2014,5/15/2014,0.9,4/11/2015,16-Jul-15,1.2,0,2015,,,,,,,,No
15LO12,Lostine,,M,R,4/16/2015,4,2014,5/15/2014,0.9,4/29/2015,16-Jul-15,1.2,0,2015,,,,,,,,No
15LO60,Lostine,,F,R,4/16/2015,4,2014,5/15/2014,0.9,4/29/2015,16-Jul-15,1.2,0,2015,,,,,,,,No
15LO67,Lostine,,F,R,4/16/2015,4,2014,5/15/2014,0.9,4/29/2015,16-Jul-15,1.2,0,2015,,,,,,,,No
13AS17,Asotin,,M,R,11/8/2013,11,2013,5/15/2012,1.5,4/11/2015,16-Jul-15,3.2,0,2015,,,,,,,Floppy,No
14AS15,Asotin,,F,R,2/25/2014,2,2013,5/15/2013,0.8,4/11/2015,16-Jul-15,2.2,0,2015,,,,,,,,No
14AS18,Asotin,,M,R,2/25/2014,2,2013,5/15/2013,0.8,11/11/2014,11-Nov-14,1.5,2,2014,,,HU,,,,Transferred to SDSU,No
14AS20,Asotin,,F,R,2/25/2014,2,2013,5/15/2013,0.8,4/11/2015,16-Jul-15,2.2,0,2015,,,,,,,,No
14AS21,Asotin,,F,R,2/25/2014,2,2013,5/15/2013,0.8,4/11/2015,16-Jul-15,2.2,0,2015,,,,,,,,No
14AS23,Asotin,,M,R,2/25/2014,2,2013,5/15/2013,0.8,10/3/2014,03-Oct-14,1.4,2,2014,,,DC,,,,No collar,No
14AS24,Asotin,,M,R,2/25/2014,2,2013,5/15/2013,0.8,2/25/2014,25-Feb-14,0.8,2,2013,,,DC,,,,Never seen after capture,No
14AS41,Asotin,,F,R,2/25/2014,2,2013,5/15/2013,0.8,4/11/2015,16-Jul-15,2.2,0,2015,,,,,,,,No
14AS45,Asotin,,M,R,2/25/2014,2,2013,5/15/2013,0.8,4/11/2015,16-Jul-15,2.2,0,2015,,,,,,,,No
14AS51,Asotin,,F,R,2/25/2014,2,2013,5/15/2013,0.8,4/11/2015,16-Jul-15,2.2,0,2015,,,,,,,,No
14AS55,Asotin,,M,R,11/11/2014,11,2014,5/15/2012,2.5,11/11/2014,11-Nov-14,2.5,2,2014,,,,,,,moved to captivity SDSU,No
14AS59,Asotin,,M,R,11/19/2014,11,2014,5/15/2008,6.5,11/19/2014,19-Nov-14,6.5,2,2014,,,,,,,"moved to captivity WSU, died",No
15AS02,Asotin,,F,R,1/14/2015,1,2014,5/15/2014,0.7,4/11/2015,16-Jul-15,1.2,0,2015,,,,,,,,No
15AS03,Asotin,,F,R,1/14/2015,1,2014,5/15/2014,0.7,4/11/2015,16-Jul-15,1.2,0,2015,,,,,,,,No
15AS04,Asotin,,M,R,1/14/2015,1,2014,5/15/2014,0.7,4/11/2015,16-Jul-15,1.2,0,2015,,,,,,,,No
15AS05,Asotin,,F,R,1/14/2015,1,2014,5/15/2014,0.7,4/11/2015,16-Jul-15,1.2,0,2015,,,,,,,,No
15AS06,Asotin,,F,R,1/14/2015,1,2014,5/15/2014,0.7,4/11/2015,16-Jul-15,1.2,0,2015,,,,,,,,No
15AS07,Asotin,,F,R,1/14/2015,1,2014,5/15/2014,0.7,4/11/2015,16-Jul-15,1.2,0,2015,,,,,,,,No
15AS09,Asotin,,M,R,1/14/2015,1,2014,5/15/2014,0.7,4/11/2015,16-Jul-15,1.2,0,2015,,,,,,,,No
15AS18,Asotin,,M,R,1/14/2015,1,2014,5/15/2014,0.7,4/11/2015,16-Jul-15,1.2,0,2015,,,,,,,,No
15AS20,Asotin,,F,R,1/14/2015,1,2014,5/15/2014,0.7,4/11/2015,16-Jul-15,1.2,0,2015,,,,,,,,No
15BB67,Black Butte,,M,R,2/4/2015,2,2014,5/15/2014,0.7,2/4/2015,04-Feb-15,0.7,2,2014,,,DC,,,,Never seen after capture,No
15MV11,Mountain View,,M,R,2/4/2015,2,2014,5/15/2014,0.7,4/11/2015,16-Jul-15,1.2,0,2015,,,,,,,,No
15MV13,Mountain View,,M,R,2/4/2015,2,2014,5/15/2014,0.7,4/11/2015,16-Jul-15,1.2,0,2015,,,,,,,,No
15MV17,Mountain View,,M,R,2/4/2015,2,2014,5/15/2014,0.7,4/11/2015,16-Jul-15,1.2,0,2015,,,,,,,,No
15MV63,Mountain View,,F,R,2/4/2015,2,2014,5/15/2011,3.7,2/4/2015,04-Feb-15,3.7,1,2014,04-Feb-15,2014,HU,,,,,No
15BC19,Big Canyon,,M,R,2/5/2015,2,2014,5/15/2014,0.7,4/11/2015,16-Jul-15,1.2,0,2015,,,,,,,,No
15BC43,Big Canyon,,M,R,2/5/2015,2,2014,5/15/2014,0.7,4/11/2015,16-Jul-15,1.2,0,2015,,,,,,,,No
15SM28,Sheep Mountain,,F,R,2/5/2015,2,2014,5/15/2004,10.7,2/5/2015,05-Feb-15,10.7,2,2014,,,Transferred to SDSU,,,,,No
15LO14,Lostine,,F,R,2/12/2015,2,2014,5/15/2014,0.7,4/11/2015,16-Jul-15,1.2,0,2015,,,,,,,,No
15LO57,Lostine,,M,R,2/12/2015,2,2014,5/15/2014,0.7,4/11/2015,16-Jul-15,1.2,0,2015,,,,,,,,No
15LO66,Lostine,,F,R,2/12/2015,2,2014,5/15/2010,4.8,4/11/2015,16-Jul-15,5.2,0,2015,,,,,,,,No
